Trial,Beta,Round,Pick,PickTotal,Selected SMILES,UCB+MI,True f,Method
1,0.1,0,1,5,COC(=O)C(CC(C)C)NC(=O)C(NC(=O)CCOCC1OC(OCCCNC(=O)C(NC(=O)C(C)NC(=O)OC(C)(C)C)C(C)C)C(O)C(O)C1O)C(C)C,0.4401,0.4666,BUCB+MI
1,0.1,0,2,5,O=C(O)CC1(CC(=O)N2CCN(CCO)CC2)CCCC1,0.4979,0.4641,BUCB+MI
1,0.1,0,3,5,CCOC(=O)CNc1ncc([N+](=O)[O-])cc1C#N,0.4822,0.4023,BUCB+MI
1,0.1,0,4,5,C=C1CC2(O)C3(C)CCC(=O)C(C)(C)C3=C(O)C(=O)C2(C)C2C(=O)OC(C)(C(=O)OC)C(=O)C12C,0.4709,0.4961,BUCB+MI
1,0.1,0,5,5,Nc1nc(N)nc(NCCCNC2CCCCC2NCCCNc2nc(N)nc(N)n2)n1,0.4449,0.4515,BUCB+MI
1,0.1,1,1,5,CCCCCCCCCCCCCCC1CC(OC(C)=O)C(CO)OC1=O,0.5003,0.2809,BUCB+MI
1,0.1,1,2,5,Cc1cc(S(=O)(=O)CC2(NC(=O)NC(C(=O)N3CC4C(C3C(=O)NC(CC3CC3)C(=O)C(N)=O)C4(C)C)C(C)(C)C)CCCCC2)co1,0.5949,0.5173,BUCB+MI
1,0.1,1,3,5,COc1c(C)cnc(Cn2cnc3c(SCC(NC(=O)CCC(N)C(=O)O)C(=O)NCC(=O)O)nc(N)nc32)c1C,0.5879,0.5133,BUCB+MI
1,0.1,1,4,5,COC(=O)C12CCCCC=C1N(CCC1=CCCCC1)C(=O)C(CC(=O)NCCCN1CCCC1=O)C2,0.619,0.5777,BUCB+MI
1,0.1,1,5,5,COC(=O)Cc1n[nH]c2c1C1(CCSCC1)C(C#N)=C(N)O2,0.5458,0.4408,BUCB+MI
1,0.1,2,1,5,N=C(N)NCCCC1NC(=O)C(CO)NC(=O)C[S+]([O-])CC(C(=O)O)NC(=O)C(CC(=O)O)NC(=O)CNC1=O,0.6102,0.4789,BUCB+MI
1,0.1,2,2,5,CCC1CCCCN1C(=O)NC(CCSC)C(=O)OC,0.6329,0.0985,BUCB+MI
1,0.1,2,3,5,CCC1(C)CC(OC(=O)COC2CCN(C(=O)CCn3cnc4c(N5CCC(N)C5)ncnc43)CC2)C2(C)C(C)CCC3(CCC(=O)C32)C(C)C1O,0.6408,0.5705,BUCB+MI
1,0.1,2,4,5,CCOC(=O)c1sc(N)nc1-c1ccc(P(=O)(NC2(C(=O)OCC)CCCC2)NC2(C(=O)OCC)CCCC2)o1,0.667,0.5142,BUCB+MI
1,0.1,2,5,5,CC(C)c1cc(C(=O)N2CCc3onc(C(=O)NCCCCCCC(=O)NO)c3C2)c(O)cc1O,0.6532,0.5949,BUCB+MI
1,0.1,3,1,5,CS(=O)(=O)C1=C(C(=O)O)N2C(=O)C(NC(=O)C(=NOCC(=O)O)c3csc(N)n3)CN2C1,0.6644,0.482,BUCB+MI
1,0.1,3,2,5,CC1(C)CCC2(C(=O)NCCCC(=O)NCC(=O)O)CCC3(C)C(=CCC4C5(C)CC(O)C(O)C(C)(C)C5CCC43C)C2C1,0.6774,0.4507,BUCB+MI
1,0.1,3,3,5,COC(=O)CCCCNC1CC(OC2CC(O)(C(=O)CO)Cc3c(O)c4c(c(O)c32)C(=O)c2c(OC)cccc2C4=O)OC(C)C1O,0.6734,0.5846,BUCB+MI
1,0.1,3,4,5,CCC(C)C(NC(=O)CC(O)C(CC1CCCCC1)NC(=O)CCNC(=O)C(Cc1ccccc1)NC(=O)N1CCC(N)CC1)C(=O)NCc1cnc(C)nc1N,0.7051,0.5955,BUCB+MI
1,0.1,3,5,5,NS(=O)(=O)c1cc(NC(=O)NCCCN2CCOCC2)c(Cl)cc1Cl,0.6593,0.5685,BUCB+MI
1,0.1,4,1,5,CCCn1c(C)c(CC(=O)NCCC(N)=O)c2c1CC(C)(C)CC2=O,0.7082,0.4612,BUCB+MI
1,0.1,4,2,5,CC(=O)c1ncc(CNC(=O)C2C(C(=O)NCCCCN3CCCC3)C3C=CC2C32CC2)o1,0.742,0.5941,BUCB+MI
1,0.1,4,3,5,C=C1C(O)C(CO)OC1n1ccc(NC(=O)OC(C(C)C)C(NC(=O)C(N)CC2CCCCC2)C(=O)O)nc1=O,0.7433,0.5388,BUCB+MI
1,0.1,4,4,5,CC1(C)CNc2c(cc(CCC(=O)N3CCN(CC(=O)N4CCOCC4)CC3)cc2S(=O)(=O)NC(Cc2nc3ccccc3s2)C(=O)N2CCC(CCF)CC2)C1,0.694,0.5927,BUCB+MI
1,0.1,4,5,5,C=C1C(OC(=O)CCCCCNC(=O)OC(C)(C)C)CCC2C1(C)CCC(C)C2(C)CC1=C(Cl)C(=O)C=C(OC)C1=O,0.7358,0.1249,BUCB+MI
1,0.1,5,1,5,O=C(NCCCC(=O)N1CCN(c2cc3c(cc2F)c(=O)c(C(=O)O)cn3C2CC2)CC1)c1cnccn1,0.746,0.6494,BUCB+MI
1,0.1,5,2,5,COC(=O)C1(NC(=O)C(CCCCN)NC(=O)C(CC(C)C)NC(=O)C2CCC(=O)N2)CCCCC1,0.7431,0.5066,BUCB+MI
1,0.1,5,3,5,O=C(CCC1OC(n2cnc3c(NC(=O)c4ccccc4)ncnc32)C(O)C1O)NCCCN1CCOCC1,0.7827,0.6108,BUCB+MI
1,0.1,5,4,5,CCOCCCNC(=O)C1CCN(S(=O)(=O)c2ccc3nc4c(c(C(=O)O)c3c2)CCCCC4)CC1,0.7657,0.6275,BUCB+MI
1,0.1,5,5,5,CNCC(=O)NC(CO)C(=O)NC1C(C(N)=O)OC(n2cc(N)cnc2=O)C(O)C1O,0.7068,0.46,BUCB+MI
1,0.1,6,1,5,CCOc1ncc(S(=O)(=O)N2CCN(CC)CC2)cc1C(=O)Nc1c(C(N)=O)nn(C2CN(C)C2)c1CC,0.753,0.5322,BUCB+MI
1,0.1,6,2,5,Cc1c(CCC(=O)NC(CCCNC(N)=O)C(=O)O)c(=O)oc2cc3oc4c(c3cc12)CCCC4,0.7675,0.5773,BUCB+MI
1,0.1,6,3,5,CC(=O)OCOC(=O)Cn1cnc2c(N3CCOCC3)nc(NC(=O)C3CCCCC3)nc21,0.7606,0.5072,BUCB+MI
1,0.1,6,4,5,Nc1ccn(C2OC(C(=O)NCCCN3CCCC3=O)C(O)C2O)c(=O)n1,0.775,0.5707,BUCB+MI
1,0.1,6,5,5,NC(=O)CC(NC(=O)C1(NC(=O)C(Cc2ccc(O)c(C(=O)O)c2)NC(=O)C(=O)O)CCCCC1)C(=O)NCCCc1cccc2ccccc12,0.7554,0.6296,BUCB+MI
1,0.1,7,1,5,CN(C)C(=O)CCc1ccc2c3c([nH]c2c1)C1(C)C(C(=O)N2CCCCC2)CC(CC(=O)NCCCn2ccnc2)C(=O)N1CC3,0.7957,0.6212,BUCB+MI
1,0.1,7,2,5,CCOC(=O)N1CCN(C(=O)C(CCC(=O)O)NC(=O)c2cc(NCCCO)nc(-c3ccccc3)n2)CC1,0.8103,0.617,BUCB+MI
1,0.1,7,3,5,COC(=O)CCNC(=O)c1cnc(NC(=O)C(CC2CCOCC2)c2ccc(S(=O)(=O)C3CC3)cc2)s1,0.7755,0.6131,BUCB+MI
1,0.1,7,4,5,CC1CCN(CCCNC(=O)CCCNC(=O)Cn2cnc3sc4c(c3c2=O)CCCC4)CC1,0.7984,0.5518,BUCB+MI
1,0.1,7,5,5,CC(C)CC(NC(=O)C(N)CCCCN)C(=O)NS(=O)(=O)OCC1OC(n2cnc3c(N)ncnc32)C(O)C1O,0.7548,0.4976,BUCB+MI
1,0.1,8,1,5,COCCNC(=O)c1c(O)c2ncc(Cc3ccc(F)cc3)cc2n(CC(=O)N2CCCCC2)c1=O,0.7937,0.6166,BUCB+MI
1,0.1,8,2,5,Nc1nc(O)c2c(n1)NCC(CCNC1CCC(C(=O)NC(CCC(=O)O)C(=O)O)CC1)=N2,0.7622,0.5556,BUCB+MI
1,0.1,8,3,5,N=C(N)N1CCCC(CC(NS(=O)(=O)Cc2ccccc2C(=O)O)C(=O)NCC(=O)NC2CCCN(C(=N)N)C2O)C1,0.7796,0.5963,BUCB+MI
1,0.1,8,4,5,CCOC(=O)NC(=O)c1cn(CCN2CCN(C(=O)CCCCCCCCCCNc3ncnc4c3ncn4C3OC(CO)C(O)C3O)CC2)c(=O)[nH]c1=O,0.8087,0.551,BUCB+MI
1,0.1,8,5,5,Cc1cc(C)c(S(=O)(=O)N2CCOC2CNC(=O)C(=O)NCCCN2CCOCC2)c(C)c1,0.8054,0.5493,BUCB+MI
1,0.1,9,1,5,N=C(N)NCc1ccc(C(=O)NCCC(=O)N2CCC(CC(=O)O)CC2)cc1,0.8128,0.6624,BUCB+MI
1,0.1,9,2,5,CC(C)CCNC(=O)c1cnc2ccc(S(=O)(=O)N3CCC4(CC3)OCCO4)cc2c1O,0.7863,0.6417,BUCB+MI
1,0.1,9,3,5,COc1ccc(CC(=O)NCC2(N3CCN(C(=O)C(Cc4ccc(Cl)cc4Cl)NC(=O)CCN)CC3)CCCCC2)cc1OC,0.8097,0.6425,BUCB+MI
1,0.1,9,4,5,CC(=O)NCCCNC(=O)C12CC1C(n1cnc3c(NC(C4CC4)C4CC4)nc(Cl)nc31)C(O)C2O,0.7515,0.5455,BUCB+MI
1,0.1,9,5,5,CC(=O)C1=C(C)NC(=O)N(C(=O)NCCCN2CCN(c3ccccc3C(N)=O)CC2)C1c1cc(F)c(F)c(F)c1,0.8156,0.6391,BUCB+MI
1,0.1,10,1,5,N=C(N)NCCCC1NC(=O)N(C(CC2CCCCC2)C(=O)N2CCC3(CC2)CC(=O)c2ccccc23)C1=O,0.8233,0.61,BUCB+MI
1,0.1,10,2,5,CCCC(=O)NC(C(=O)NCCS(N)(=O)=O)c1nc2ccc(-c3ccc(C(=O)N4CCOCC4)cc3)cc2s1,0.8278,0.6269,BUCB+MI
1,0.1,10,3,5,COc1c(C(=O)N2CCN(CCCNC(=O)c3cc(O)c(O)c(O)c3)CC2)nc(Cc2ccc(C)cc2)n(C)c1=O,0.84,0.646,BUCB+MI
1,0.1,10,4,5,CC(NC(=O)CNC(=O)CN)C(=O)N1CCCC1C(=O)N1CCC(c2noc3cc(F)ccc23)CC1,0.8031,0.5901,BUCB+MI
1,0.1,10,5,5,CCCCCNC(=O)C(Cc1ccc(OCC(N)=O)c(C(=O)O)c1)NC(=O)CCC(=O)O,0.8076,0.5968,BUCB+MI
1,0.1,11,1,5,CC(=O)N1CCN(C(=O)C(Cc2cccc(C(=N)N)c2)NS(=O)(=O)NCCc2cc3c(cc2[N+](=O)[O-])OCO3)CC1,0.8108,0.6045,BUCB+MI
1,0.1,11,2,5,CC(Cc1ccc(O)cc1)(NC(=O)C1CCCN1C(=O)CCCc1ccc(O)cc1)C(=O)NCC(=O)N1CCCC1C(=O)O,0.8073,0.6758,BUCB+MI
1,0.1,11,3,5,O=C(Cn1cnc2ccccc2c1=O)NCCC(=O)N1CCC2(CC1)OCCO2,0.834,0.5928,BUCB+MI
1,0.1,11,4,5,CCCCCC(=O)NC(CNC(=O)c1ccc2c(c1)C(=O)N(CCC1CCNCC1)C2)C(=O)O,0.8174,0.634,BUCB+MI
1,0.1,11,5,5,Cc1ccc(CNc2ncc(C(=O)NCCCN3CCCC3=O)c(NC3CCCC3)n2)cc1,0.8338,0.5949,BUCB+MI
1,0.1,12,1,5,CNC(=O)COCC(=O)N1CCC(C(=O)N(CCCN2CCC(Cc3ccc(C(N)=O)cc3)CC2)c2ccc(C)c(Cl)c2)CC1,0.8396,0.6993,BUCB+MI
1,0.1,12,2,5,CC(=O)NCCn1c(NC(=O)c2cccc(C#N)c2)nc2cc(C(=O)N3CCCCC3)cnc21,0.8378,0.5719,BUCB+MI
1,0.1,12,3,5,CCC(C)C(NC(=O)C(O)Cc1ccc(O)cc1)C(=O)N1C(C(=O)NCCCCN=C(N)N)CC2CCC(OS(=O)(=O)O)CC21,0.8177,0.582,BUCB+MI
1,0.1,12,4,5,CCCCS(=O)(=O)NC(CCC(=O)N1CCC2(CC1)CCN(c1ccncc1)CC2)C(=O)O,0.818,0.6183,BUCB+MI
1,0.1,12,5,5,CCC1(OC(=O)CNC(=O)CNC(=O)CCC(N)C(=O)O)C(=O)OCc2c1cc1n(c2=O)Cc2cc3ccccc3nc2-1,0.8011,0.5834,BUCB+MI
1,0.1,13,1,5,CCC(C(=O)NC(CC(=O)O)C(=O)CNCN1CCC(Cc2ccccc2)CC1)n1ccnc(NCc2nonc2C)c1=O,0.8345,0.6314,BUCB+MI
1,0.1,13,2,5,COc1cc(C(=O)NS(=O)(=O)c2ccccc2C)ccc1Cn1cc(CCC(=O)N2CCC(C)(C)CC2)c2ccc(C(=O)NCC3CCCC3)cc21,0.8372,0.2078,BUCB+MI
1,0.1,13,3,5,O=C(O)CNC(Cc1ccc([N+](=O)[O-])cc1)CN1CCN(CC(=O)O)CCN(CC(=O)O)CC1,0.8121,0.6487,BUCB+MI
1,0.1,13,4,5,CCCCCc1ccc(-c2cc3cn(C4CC(O)C(COC(=O)C(NC(=O)C5CCCN5C(=O)C(N)CC(N)=O)C(C)C)O4)c(=O)nc3o2)cc1,0.8312,0.6117,BUCB+MI
1,0.1,13,5,5,CCCCNC(=O)COC(=O)C1CCN(S(=O)(=O)c2ccc3c(c2)OCCO3)CC1,0.8355,0.5484,BUCB+MI
1,0.1,14,1,5,N=C(N)c1ccc(CC(=O)NC2CCN(C(CC(=O)O)C(=O)NC(CC34CC5CC(CC(C5)C3)C4)C(=O)O)C2=O)cc1,0.8307,0.5945,BUCB+MI
1,0.1,14,2,5,CCCCCCNC(=O)N1CCN(c2ccc(C3CC(C(=O)O)=NO3)cc2)CC1,0.8372,0.6088,BUCB+MI
1,0.1,14,3,5,Cc1cc(C(=O)NC(C(=O)CC(Cc2ccc(F)cc2)C(=O)NC(C=CC(=O)N2CCC(F)(F)CC2)CC2CCNC2=O)C(C)C)no1,0.8151,0.5854,BUCB+MI
1,0.1,14,4,5,CCNC(=O)C1OC(n2cnc3c(N)nc(NCCc4ccc(CCC(=O)O)cc4)nc32)C(O)C1O,0.8316,0.5548,BUCB+MI
1,0.1,14,5,5,CC(C)OCCCNC(=O)CN1C(=O)CSc2ccc(S(=O)(=O)N3CCOCC3)cc21,0.8223,0.5876,BUCB+MI
1,0.1,15,1,5,CC(O)C(NC(=O)c1ccc(N2CCN(C(=O)Cc3ccc(O)cc3)CC2)nc1)C(N)=O,0.8603,0.6478,BUCB+MI
1,0.1,15,2,5,CCCC(=O)NC(Cc1ccc(OP(=O)(O)O)cc1)C(=O)NCCCN1CCCNC1=O,0.8614,0.6101,BUCB+MI
1,0.1,15,3,5,N=C(N)N1CCC(CCNC(=O)CNC(=O)OCc2ccc(COC(=O)NCC(=O)NCCC3CCN(C(=N)N)CC3)cc2)CC1,0.8231,0.5401,BUCB+MI
1,0.1,15,4,5,Cc1oc(-c2ccccc2F)nc1CS(=O)(=O)CC(=O)NCCCN1CCN(C)CC1,0.8323,0.5674,BUCB+MI
1,0.1,15,5,5,O=C(O)CCC(NC(=O)CCC(NC(=O)c1cc(Cl)cc(Cl)c1)C(=O)N1CCC2(CCCC2)CC1)C(=O)Nc1cccc2cccnc12,0.8261,0.4203,BUCB+MI
1,0.1,16,1,5,CCC(=O)N1CCC(Cc2ccc(F)cc2)CC1CCCNC(=O)Nc1cc(C(C)=O)cc(C(C)=O)c1,0.8369,0.5039,BUCB+MI
1,0.1,16,2,5,CC(NC(=O)N1CCOCC1)C(=O)NN(CC(N)=O)C(=O)C=CC(=O)NCCCc1ccccc1,0.8331,0.5626,BUCB+MI
1,0.1,16,3,5,CCC1CN(c2ncc(C(=O)NCC(C)O)nc2Cl)CCN1C1CCN(C(=O)c2ccc(Cl)nc2N)CC1,0.8103,0.596,BUCB+MI
1,0.1,16,4,5,N=C(N)c1ccc(N2CC3(CCN(C(=O)CCCCC(=O)O)CC3)CC2=O)cc1,0.8367,0.6626,BUCB+MI
1,0.1,16,5,5,Cc1nccn1CCCCc1ccc(CC(=O)NC(CO)C(=O)NC(CCCCN)C(=O)NC(CC2CCCCC2)C(=O)O)cc1,0.8407,0.6023,BUCB+MI
1,0.1,17,1,5,CC1(C(=O)O)CCN(c2cc(N3CCCC(C(=O)NCCc4ccc(C#N)cc4)C3)nc(C(F)(F)F)n2)CC1,0.8165,0.6045,BUCB+MI
1,0.1,17,2,5,N=C(N)c1ccc(C(=O)NCC(=O)N2CCN(CCC(=O)O)C(=O)C2CC(=O)O)cc1,0.8559,0.5994,BUCB+MI
1,0.1,17,3,5,O=C(CCCCNC1=NCCN1)Nc1ccc(CC(NC(=O)C2CCCN2S(=O)(=O)c2ccccc2)C(=O)O)cc1,0.8406,0.658,BUCB+MI
1,0.1,17,4,5,CCOCCCn1c(=S)[nH]c2cc(C(=O)N3CCC(C(N)=O)(N4CCCCC4)CC3)ccc2c1=O,0.8259,0.6211,BUCB+MI
1,0.1,17,5,5,CC(C(=O)NCc1ccc(C(=N)N)nc1)N(C)C(=O)C(CC1CCCCC1)NCC(=O)O,0.8433,0.6011,BUCB+MI
1,0.1,18,1,5,CC(=O)NCC(=O)CN1CCN(CCc2ccc(-c3ncsc3N)cc2)CC1,0.8396,0.6467,BUCB+MI
1,0.1,18,2,5,CCC(NC(=O)c1ccc(C(=N)N2CCOCC2)cc1F)C(C)(C)C(=O)N1CCC(CC(=O)O)CC1,0.8441,0.6611,BUCB+MI
1,0.1,18,3,5,NC(N)=NCCCC(NC(=O)C(N)Cc1ccc(O)cc1)C(=O)NC1CSSCC(C(=O)O)NC(=O)C2CCCN2C(=O)C(CCC(=O)O)NC1=O,0.8264,0.5412,BUCB+MI
1,0.1,18,4,5,CCOC(=O)C1CCN(C(=O)CCc2nnc3ccc(NCCCN4CCCC4=O)nn23)CC1,0.842,0.583,BUCB+MI
1,0.1,18,5,5,CC(C)C(O)C(=O)N1CC(OCCCc2ccccc2)CC1C(=O)NC(CC(F)F)C(=O)NCCc1c(F)cc(C(=O)O)cc1F,0.8163,0.5989,BUCB+MI
1,0.1,19,1,5,CCOC(=O)C1CCC(=O)N1CC(=O)NCCN1CCN(c2ccccc2OC(C)C)CC1,0.8458,0.6062,BUCB+MI
1,0.1,19,2,5,Nc1nc(N)c2c(n1)CCC2CCCc1ccc(C(=O)NC(CCC(=O)O)C(=O)O)cc1,0.8552,0.6089,BUCB+MI
1,0.1,19,3,5,N=C(N)N1CCC(C(NC(=O)C2CCC3CN(C(=O)CCc4ccccc4)CC(=O)N32)C(=O)c2nccs2)CC1,0.834,0.6185,BUCB+MI
1,0.1,19,4,5,O=C(O)CCCC(=O)Nc1ccc(C(=O)N2CCCCC2)c(Cl)c1,0.846,0.6051,BUCB+MI
1,0.1,19,5,5,COCCN1CCN(C(=O)C2CCN(c3ccc(S(=O)(=O)C4(C(=O)NO)CCOCC4)cc3)CC2)CC1,0.8315,0.6399,BUCB+MI
1,0.1,20,1,5,NC(Cc1nccs1)C(=O)N1CCN(CCCOc2ccc(C(=O)C3CC3)cc2)CC1,0.8431,0.6685,BUCB+MI
1,0.1,20,2,5,CCCCCc1ccc(S(=O)(=O)N2CC(N3CCOCC3)CC2C(=O)NO)cc1,0.8526,0.641,BUCB+MI
1,0.1,20,3,5,CCC(C)C(NC(=O)C(CC(C)C)NC(=O)C(CCCNC(=N)N)NC(=O)c1ccc(N2CCNCC2)cn1)C(=O)NC(Cc1ccccc1)C(=O)O,0.8438,0.5856,BUCB+MI
1,0.1,20,4,5,CN1CCC(CCC(=O)N2CCCC(C(=O)NC(CC(=O)O)c3ccc4c(c3)OCO4)C2)CC1,0.8335,0.6358,BUCB+MI
1,0.1,20,5,5,CNC1(C(=O)N2CCN(C(=O)c3cc(Cc4n[nH]c(=O)c(C)c4C)ccc3F)CC2)CC1,0.8202,0.5826,BUCB+MI
1,0.1,21,1,5,CS(=O)(=O)N1CCCC1C(=O)NC(Cc1ccc(OC(=O)N2CCCC2)cc1)C(=O)O,0.8843,0.6266,BUCB+MI
1,0.1,21,2,5,O=C(O)C1C(CC2CCNCC2)C(=O)N1C(=O)N1CCN(C(=O)CCCCCc2ccccc2)CC1,0.8678,0.624,BUCB+MI
1,0.1,21,3,5,CCCNc1cc(C(=O)NC2CC3CCC(C2)N3c2ccc(C(=O)C3CC3)cn2)c(C)cc1C(N)=O,0.8265,0.6127,BUCB+MI
1,0.1,21,4,5,CC(=O)NCC1CN(c2ccc(N3CCN(CC(O)Cn4cnc([N+](=O)[O-])c4)CC3)c(F)c2)C(=O)O1,0.823,0.6322,BUCB+MI
1,0.1,21,5,5,CC1=C(C(=O)N(C(C)C)C(C)C)CC(CC(=O)NCCN2CCOCC2)C(=O)N1Cc1ccc(C(C)(C)C)cc1,0.8349,0.5467,BUCB+MI
1,0.1,22,1,5,CCOC(=O)CCN1CCN(CC2CN(c3ccc(C(=N)NC(=O)OC)cc3)C(=O)O2)CC1,0.8541,0.6407,BUCB+MI
1,0.1,22,2,5,Cc1ccc(S(=O)(=O)NC(Cc2ccccc2)C(=O)N2CCC(C(=O)NC(CCC(N)=O)C(=O)O)CC2)cc1,0.8726,0.6678,BUCB+MI
1,0.1,22,3,5,NC(=O)c1nsc(C(=O)N(CCCN2CCOCC2)C(C(=O)NC2CCCCC2)c2ccc(Cl)cc2)c1N,0.8451,0.6269,BUCB+MI
1,0.1,22,4,5,CCCCCNC(=O)C1CCC(Cn2c(=O)c3sccc3n(CC(=O)N3CCCC3)c2=O)CC1,0.8382,0.5938,BUCB+MI
1,0.1,22,5,5,Nc1cccnc1N1CCN(C(=O)c2ccc(C(=O)NCCO)cn2)CC1,0.8435,0.6011,BUCB+MI
1,0.1,23,1,5,COc1ccc(OC)c(C(=O)NC(CC(N)=O)c2ccc(NCCN3CCCCC3)c([N+](=O)[O-])c2)c1,0.8403,0.6486,BUCB+MI
1,0.1,23,2,5,O=C(NCCCN1CCOCC1)C(=O)C(Cc1ccccc1)NC(=O)C1CCN(C(=O)c2ccc3ccccc3c2)CC1,0.8907,0.6962,BUCB+MI
1,0.1,23,3,5,NCCCC(NC(=O)CCc1ccc(O)cc1)C(=O)N1CCCC1C(=O)O,0.8717,0.6277,BUCB+MI
1,0.1,23,4,5,Cc1ccc2c(c1)C1(C)CCC(=O)C(NC(=O)CCN3CCN(CCO)CC3)C1O2,0.8306,0.5601,BUCB+MI
1,0.1,23,5,5,O=C(NCC(NS(=O)(=O)c1ccccc1)C(=O)O)c1cnc(N2CCN(C3CCNCC3)CC2)s1,0.8439,0.576,BUCB+MI
1,0.1,24,1,5,Cc1ccc(CNC(N)=NC(=O)c2ccc(CC(N)C(=O)O)cc2)c(N2CCCCC2)c1,0.8506,0.6306,BUCB+MI
1,0.1,24,2,5,CCC(=O)N(c1ccccc1)C1(C(=O)OC)CCN(CCn2nnn(CC(N)=O)c2=O)CC1,0.8357,0.6302,BUCB+MI
1,0.1,24,3,5,CCOc1ccc(CCNC(=O)C2CCN(S(=O)(=O)N3CCOCC3)CC2)cc1OCC,0.8465,0.5745,BUCB+MI
1,0.1,24,4,5,CC(=O)CCC(=O)NCCCN1CCN(CCCNc2ccnc3cc(Cl)ccc23)CC1,0.8485,0.4974,BUCB+MI
1,0.1,24,5,5,Cc1ccc(CC(NC(=O)C(C)NC(=O)C2CCCN2C(=O)C2CC3CCCCC3N2C(=O)C(N)CCCNC(=N)N)C(N)=O)cc1,0.8502,0.5279,BUCB+MI
1,0.1,25,1,5,CCCCN1C(=O)C(C(O)C2CCCC2)NC(=O)C12CCN(Cc1ccc(Oc3ccc(C(=O)O)cc3)cc1)CC2,0.8385,0.7115,BUCB+MI
1,0.1,25,2,5,O=C(NCCN1CCN(C(=O)c2cccc([N+](=O)[O-])c2)CC1)C(=O)NCc1ccco1,0.8568,0.6404,BUCB+MI
1,0.1,25,3,5,CCc1cc2cc(S(=O)(=O)NC(CCCN=C(N)N)C(=O)N3CCC(CC)CC3)ccc2oc1=O,0.8363,0.627,BUCB+MI
1,0.1,25,4,5,CC1(C(=O)NCC(NC(=O)OCc2ccccc2)C(=O)O)CCCn2c(CCC3CCNCC3)nnc21,0.8462,0.5979,BUCB+MI
1,0.1,25,5,5,C#CCOCCOCCOCCNc1nc(N2CCOCC2)nc(N2CCN(C(=O)C(CCC(=O)O)n3cc(C(N)Cc4ccc(O)cc4)nn3)CC2)n1,0.8086,0.564,BUCB+MI
1,0.1,26,1,5,CC(=O)NCCCCCOc1ccc(C(=O)N2CCC(N3C(=O)CCc4ccccc43)CC2)cc1,0.8662,0.5712,BUCB+MI
1,0.1,26,2,5,O=C(CC12CC3CC(CC(C3)C1)C2)NCC(=O)N1CCN(Cc2cccc(C(=O)O)c2)CC1,0.8501,0.613,BUCB+MI
1,0.1,26,3,5,CCCc1ccc2oc(C(=O)NCCN3CCCC(C(N)=O)C3)c(C)c2c1,0.8425,0.6328,BUCB+MI
1,0.1,26,4,5,CCOC(=O)N1CCN(C(=O)CCC(C(=O)NO)N(Cc2ccc3c(c2)OCO3)S(=O)(=O)c2ccc(OC)cc2)CC1,0.8649,0.6191,BUCB+MI
1,0.1,26,5,5,CC(C)CC(O)C(OC(=O)C(Cc1csc(N)n1)NC(=O)C(Cc1ccccc1)NS(=O)(=O)N1CCOCC1)C(N)CC1CCCCC1,0.85,0.591,BUCB+MI
1,0.1,27,1,5,CC(=O)c1ccc(N2CCN(C(=O)CN3CCC(C(=O)Nc4ccc(O)c(F)c4)C3)CC2)cc1,0.8706,0.7009,BUCB+MI
1,0.1,27,2,5,CCCCCC(NC(=O)Cc1ccc(C(=O)O)c(OCC)c1)c1ccccc1N1CCCCC1,0.8661,0.3474,BUCB+MI
1,0.1,27,3,5,CCn1cc(C(=O)NCCCN2CCC(C)CC2)c(=O)c2cc(S(=O)(=O)N3CCCC3)ccc21,0.8778,0.6557,BUCB+MI
1,0.1,27,4,5,COc1ccc(CCNC(=O)C(=O)C(CCCN=C(N)N)NC(=O)C2CCN3CCC(N)(Cc4ccccc4)CN23)cc1,0.8578,0.6477,BUCB+MI
1,0.1,27,5,5,CC(C)CC(C(=O)N1CCOCC1)C(CN1C(=O)c2ccccc2C1=O)C(=O)NO,0.8336,0.6073,BUCB+MI
1,0.1,28,1,5,COc1ccc(CCN2CC(C(=O)NCCN3CCOC3=O)CCC2=O)cc1,0.8634,0.599,BUCB+MI
1,0.1,28,2,5,CC(C)COC(=O)N=C(N)c1ccc(CC2c3nc4cc(C5(C(=O)N6CCCC6)CCCC5)ccc4n3CCN2C(=O)OCC(C)C)cc1,0.8373,0.2562,BUCB+MI
1,0.1,28,3,5,NCC(N)CC(=O)N1CCN(C(=O)CCn2cccc(O)c2=O)CC1,0.8353,0.596,BUCB+MI
1,0.1,28,4,5,CCN1CCc2c(sc(NC(=O)c3ccc(S(=O)(=O)N4CCOCC4)cc3)c2C(N)=O)C1,0.8577,0.5901,BUCB+MI
1,0.1,28,5,5,CC1CC(C(=O)NC(CO)CCCNC(=N)N)N(C(=O)C(CCc2ccc(O)cc2)NC(=O)C(O)Cc2ccc(O)cc2)C1,0.8397,0.6563,BUCB+MI
1,0.1,29,1,5,CC(=O)NCC1CN(c2ccc(OC3CCN(C(=O)CO)CC3)cc2)C(=O)O1,0.8764,0.6333,BUCB+MI
1,0.1,29,2,5,O=C(NCCN1CCOCC1)c1ccc(F)c2c(C(=O)C(=O)N3CCN(C(=O)c4ccccc4)CC3)c[nH]c12,0.8658,0.6479,BUCB+MI
1,0.1,29,3,5,CC1CNc2c(cccc2S(=O)(=O)NC(CCCNC(=N)N)C(=O)N2CCC(C)CC2C(=O)O)C1,0.8376,0.5996,BUCB+MI
1,0.1,29,4,5,CCCCC1(C(O)C=CC2CCC(=O)N2CCc2ccc(C(=O)O)cc2)CCC1,0.8295,0.5382,BUCB+MI
1,0.1,29,5,5,COc1cc(N)c(Cl)cc1C(=O)NC1CCN(CC2CCN(C(=O)CCCN)CC2)CC1,0.8383,0.6128,BUCB+MI
1,0.1,30,1,5,CCNC(=O)Nc1sc2ccccc2c1C(=O)N1CCN(C2CCN(C(=O)CC)CC2)CC1,0.8569,0.6212,BUCB+MI
1,0.1,30,2,5,CC(=O)c1ccc(NC(=O)CSc2nc(=O)n(CCN3CCOCC3)c3c2CCC3)cc1,0.8505,0.5909,BUCB+MI
1,0.1,30,3,5,NCCCCNC(=O)C1CN(C(=O)C(N)CC(N)=O)CC1C(=O)NCCc1ccc2ccccc2c1,0.8363,0.6171,BUCB+MI
1,0.1,30,4,5,CC(N)c1nc(C(=O)N2CCCC2C(=O)NC(Cc2ccc(O)cc2)C(=O)O)co1,0.8666,0.6027,BUCB+MI
1,0.1,30,5,5,CCc1nc2c(C(=O)NCC3CCN(CC(O)CN4CCN(S(C)(=O)=O)CC4)CC3)cccc2[nH]1,0.8399,0.6128,BUCB+MI
1,0.1,31,1,5,CCc1ccc(NC(=O)C(=O)NCCN2CCN(C(=O)c3ccc(OC)cc3)CC2)cc1,0.9065,0.6988,BUCB+MI
1,0.1,31,2,5,CCCCCOC(=O)N1CCN(C(=O)C(CCC(=O)O)NC(=O)c2nc(-c3ccccc3)cc(N3CCC(CCN)CC3)n2)CC1,0.8837,0.6306,BUCB+MI
1,0.1,31,3,5,Cc1ccc(CCN2CC(C(=O)NCCCN3CCOCC3)CC2=O)cc1,0.8844,0.1568,BUCB+MI
1,0.1,31,4,5,NC(=O)C1CCCN1C(=O)C(Cc1cn(Cc2ccccc2)c(I)n1)NC(=O)C1CCC(=O)N1,0.8526,0.5562,BUCB+MI
1,0.1,31,5,5,CCCc1cc(=O)oc2c(C)c(OCC(=O)N3CCC(C(=O)O)CC3)ccc12,0.8387,0.6348,BUCB+MI
1,0.1,32,1,5,CCC12c3[nH]c4ccccc4c3CCN1C(=O)C(CC(=O)NCCc1ccccn1)CC2C(=O)N1CCN(C(=O)C2CC2)CC1,0.8656,0.637,BUCB+MI
1,0.1,32,2,5,CN(CC(=O)N1CCC(OCC(=O)O)CC1)C(=O)c1ccc(NC(=N)N)cc1,0.8625,0.6296,BUCB+MI
1,0.1,32,3,5,COC(=O)C(CNC1CCCCC1)n1c(=O)n2n(c1=O)C(C(=O)NCc1ccc(N)nc1C)C=CC2,0.8307,0.5804,BUCB+MI
1,0.1,32,4,5,NC(=O)C1CCCN1C(=O)C(Cc1ccc([N+](=O)[O-])cc1)NC(=O)CNC(=O)C(CS(=O)(=O)O)NC(=O)C(N)Cc1ccc(O)cc1,0.8556,0.5837,BUCB+MI
1,0.1,32,5,5,CCOC(=O)N1CCC(Nc2c(NCCN3CCN(c4ccccc4F)CC3)c(=O)c2=O)CC1,0.8648,0.5955,BUCB+MI
1,0.1,33,1,5,CCc1nc2c(cc1NC(=O)c1ccccc1)c(OCC(F)(F)F)c(C(=O)NC1CCN(C(=O)CO)CC1)n2C,0.8563,0.5765,BUCB+MI
1,0.1,33,2,5,COc1ccc(N2CCN(C(=O)CCNS(=O)(=O)c3ccc4c(c3)CCN4C(=O)C3CC3)CC2)cc1,0.8833,0.6693,BUCB+MI
1,0.1,33,3,5,O=C(O)CCS(=O)(=O)Cc1ccc(NC(=O)c2cc(N(CC3CC3)C3CCCCC3)ncn2)cc1,0.8421,0.6773,BUCB+MI
1,0.1,33,4,5,CC(C)C(NC(=O)C(CCCNC(=N)N)NC(=O)NC(Cc1ccccc1)C(=O)O)C(=O)NC1CCCN(C(=N)N)C1=O,0.854,0.559,BUCB+MI
1,0.1,33,5,5,CCCCCN1CCN(C(=O)c2ccc3[nH]c(=O)c4c(c3c2)CCSC4)CC1,0.8365,0.0986,BUCB+MI
1,0.1,34,1,5,COc1ccc(CCNC(=O)COC(=O)c2cc(S(=O)(=O)N3CCCC3)ccc2O)cc1,0.8901,0.6293,BUCB+MI
1,0.1,34,2,5,O=C(O)CCC(=O)N1CCN(c2ccc(Nc3ncc(Br)c(NCC4CCCO4)n3)cc2)CC1,0.8707,0.644,BUCB+MI
1,0.1,34,3,5,N=C(N)NCCC(NS(=O)(=O)c1cnccc1NC(CO)Cc1ccccc1)C(=O)N1CCC(CCF)CC1,0.8672,0.6365,BUCB+MI
1,0.1,34,4,5,COc1ccc(NC(=O)C2C(C(=O)NCCC(N)=O)C3CCC2C32CC2)cc1,0.8577,0.5991,BUCB+MI
1,0.1,34,5,5,COC(=O)C12CC(CC(=O)N3CCN(C(=O)C4CC4)CC3)C(=O)N(CCc3ccc(OC)c(OC)c3)C1=CCC(C)(C)C2,0.8436,0.6002,BUCB+MI
1,0.1,35,1,5,COC(=O)CCCNC(=O)CN1CN(c2ccccc2)C2(CCN(C(=O)c3ccc(C4CCCCC4)cc3)CC2)C1=O,0.8787,0.6885,BUCB+MI
1,0.1,35,2,5,CC(C)CCOC(=O)C1CCN(CC(=O)Nc2ccc(S(=O)(=O)N=C(N)N)cc2)CC1,0.8572,0.6083,BUCB+MI
1,0.1,35,3,5,O=C(CNC(=O)c1ccccn1)NC12CCC(=O)C3Oc4c(O)ccc5c4C31CCN(CC1CC1)C2C5,0.8302,0.6459,BUCB+MI
1,0.1,35,4,5,Cc1c(C(=O)O)sc(S(=O)(=O)N2CCN(C(=O)Cc3ccc(F)cc3)CC2)c1C(=O)O,0.8515,0.5964,BUCB+MI
1,0.1,35,5,5,COc1ccc(-n2ncc(C(=O)NCCCN3CCCCC3)c2C2CCN(C(=O)OC(C)(C)C)CC2)cc1,0.8675,0.6119,BUCB+MI
1,0.1,36,1,5,CC(=O)c1ccc(S(=O)(=O)N2CC3CCCN4CCCC(C34)C2CCCC(=O)O)cc1,0.8575,0.6594,BUCB+MI
1,0.1,36,2,5,NC(Cc1ccccc1)C(=O)N1CCC(C(=O)NCC(=O)Nc2ccc(F)cc2)CC1,0.8879,0.6715,BUCB+MI
1,0.1,36,3,5,Cc1cc(C(=O)N2CCN(c3ccc(C(=O)NCCC4CC4)nn3)CC2)c(C(F)(F)F)o1,0.8438,0.5613,BUCB+MI
1,0.1,36,4,5,CCc1ccc(C(C(=O)NC2CCCC2)N(CCOC)C(=O)CCC(=O)Nc2cc(C)on2)cc1,0.8465,0.6383,BUCB+MI
1,0.1,36,5,5,N=C(N)N1CCc2ccc(S(=O)(=O)CC3(C(=O)O)CCN(c4ccncc4)CC3)cc2C1,0.8379,0.6291,BUCB+MI
1,0.1,37,1,5,Cc1ccccc1NC(=O)Nc1ccc(CC(=O)N2CCCC2CN2CCN(CC(=O)O)CC2)cc1,0.8718,0.6925,BUCB+MI
1,0.1,37,2,5,N=C(N)NCCC1CCN(C(=O)C(Cc2cccc(C(=N)N)c2)NS(=O)(=O)c2cccc(NC(=O)CCN)c2)CC1,0.888,0.6592,BUCB+MI
1,0.1,37,3,5,NC(=O)C1CCN(C(=O)CNC(=O)c2ccc(Br)o2)CC1,0.8501,0.5349,BUCB+MI
1,0.1,37,4,5,CCC(CC)C(=O)NCCc1ccc(S(=O)(=O)N2CCN(C3CCCCC3)C2=N)cc1,0.8641,0.6206,BUCB+MI
1,0.1,37,5,5,O=C(O)CC1(CC(=O)O)CC2(O)C3Cc4ccc(O)cc4C2(CCN3CC2CC2)CC1=O,0.8268,0.6511,BUCB+MI
1,0.1,38,1,5,Cc1cccc(N2CCN(C(=O)c3ccccc3NC(=O)C3CCCCC3C(=O)O)CC2)c1,0.8671,0.6757,BUCB+MI
1,0.1,38,2,5,COc1ccc(C(=O)NCCC2CCN(S(=O)(=O)NC(=O)NCC3CC4C=CC3C4)CC2)cn1,0.8478,0.5798,BUCB+MI
1,0.1,38,3,5,CN(C)S(=O)(=O)c1ccc(CNC(=O)c2nc(-c3ccc(F)cc3)n(CCC(O)CC(O)CC(=O)O)c2C2CC2)cc1,0.841,0.6585,BUCB+MI
1,0.1,38,4,5,O=C(Cc1cc(=O)oc2cc(O)ccc12)NCC1CCC(C(=O)O)CC1,0.8406,0.6505,BUCB+MI
1,0.1,38,5,5,CCOC(=O)CC(CC(=O)N1CCC2(CC1)CCN(c1ccc(C(=N)NO)cc1)C2=O)c1ccccc1,0.863,0.7311,BUCB+MI
1,0.1,39,1,5,CC(C)(C)C1CCC(N(Cc2ccc(C(=O)NCCC(=O)O)cc2)C(=O)Nc2ccc(OCC3CC3)cc2)CC1,0.8708,0.2745,BUCB+MI
1,0.1,39,2,5,CC(=O)N1CCN(C(=O)C(CCCNC(=N)N)NS(=O)(=O)c2cccc3ccccc23)CC1,0.8908,0.652,BUCB+MI
1,0.1,39,3,5,O=C(O)CC(NC(=O)CN1CCC(CCc2ccc3c(n2)NCCC3)C1=O)c1ccc2c(c1)CCO2,0.8374,0.651,BUCB+MI
1,0.1,39,4,5,Cc1cc(C#N)ccc1C1=CCN(S(=O)(=O)CC2(C(=O)NO)CCN(C(=O)OCC3CCCN3)CC2)CC1,0.8398,0.6145,BUCB+MI
1,0.1,39,5,5,NC(Cc1ccccc1)C(=O)NC1CCN(c2c(F)cc3c(=O)c(C(=O)O)cn(C4CC4)c3c2F)C1,0.8489,0.627,BUCB+MI
