Trial,Beta,Round,Pick,PickTotal,Selected SMILES,UCB,True f,Method
,,0,1,5,COc1ccc(CCNC(=O)CCNC(=O)c2ccc(Cl)cc2)cc1OC,0.5967,0.4371,BUCB
,,0,2,5,CCc1ccc2nc(Nc3nc(O)cc(COC)n3)nc(C)c2c1,0.5938,0.4914,BUCB
,,0,3,5,N#Cc1c(-c2ccc(OCCO)cc2)c(C#N)c2nc3ccccc3n2c1N,0.5674,0.5179,BUCB
,,0,4,5,NC(=O)CSc1ccccc1NCc1nc(C2CC2)no1,0.5459,0.5039,BUCB
,,0,5,5,Cn1c(S)nnc1CCNC(=O)c1ccc(Cl)cc1,0.5703,0.1,BUCB
,,1,1,5,Cc1cc2nc3c(C#N)c(-c4ccc(OCC(N)=O)cc4)c(C#N)c(N)n3c2cc1C,0.6024,0.4823,BUCB
,,1,2,5,COc1ccc2nc(Nc3nc(O)cc(CSc4ccc(C)cc4)n3)nc(C)c2c1,0.6023,0.4665,BUCB
,,1,3,5,O=S(=O)(CCc1ccccc1)Cc1nc(C2CC2)no1,0.5847,0.3176,BUCB
,,1,4,5,COc1ccc(CCNC(=O)CSc2nc3ccccc3o2)cc1OC,0.5974,0.3529,BUCB
,,1,5,5,CCOc1ccccc1NC(=O)CCNC(=O)c1ccc(Cl)cc1,0.5809,0.2369,BUCB
,,2,1,5,CCNc1ccc2c(O)nc(Nc3nc(C)c4cc(OC)ccc4n3)nc2c1,0.6133,0.5028,BUCB
,,2,2,5,CNC(=O)c1cc(CSc2nc(N)c(C#N)c(-c3ccc(OCCN=C(O)C(C)N)cc3)c2C#N)ccn1,0.5982,0.5224,BUCB
,,2,3,5,COc1ccc(-c2noc(CCCC(=O)Nc3ccc(C(N)=O)cc3)n2)cc1OC,0.5913,0.5892,BUCB
,,2,4,5,Cc1c(CCC(C)C)c(O)n2c(nc3ccccc32)c1C#N,0.5812,0.1282,BUCB
,,2,5,5,COc1ccc2nc(C)cc(OCC(=O)NCc3ccccc3)c2c1,0.5956,0.1306,BUCB
,,3,1,5,COc1ccc(-c2noc(CCC(=O)Nc3ccccc3Cl)n2)cc1OC,0.666,0.531,BUCB
,,3,2,5,COc1ccc(-c2c(C#N)c(N)nc(SCCO)c2C#N)cc1OC,0.6545,0.4938,BUCB
,,3,3,5,COc1ccc2nc(Nc3nc(O)c4ccc(Cl)cc4n3)nc(C)c2c1,0.6353,0.473,BUCB
,,3,4,5,Cc1noc(C)c1-c1ccc(CCOc2ccc(NC(=O)C(C)(N)CO)cc2)cc1,0.6137,0.614,BUCB
,,3,5,5,COC(=O)c1ccc(-c2c(C#N)c(N)nc(Sc3ccccc3O)c2C#N)cc1,0.6393,0.4773,BUCB
,,4,1,5,COc1ccc(-c2noc(CNS(=O)(=O)c3ccc(NC(C)=O)cc3)n2)cc1OC,0.7062,0.5089,BUCB
,,4,2,5,COc1ccc(-c2nc(CSc3nc(N)c(C#N)c(-c4ccc(OC)cc4)c3C#N)cs2)cc1,0.6704,0.3455,BUCB
,,4,3,5,CCCCOc1ccc(C(=O)NCCc2sc(-c3ccc(OC)c(OC)c3)nc2C)cc1,0.6773,0.2233,BUCB
,,4,4,5,Cc1ccc(-c2noc(CCC(=O)NCc3ccc4c(c3)OCO4)n2)cc1,0.6517,0.555,BUCB
,,4,5,5,COc1ccc2c(C)nc(Nc3nc(O)cc(O)n3)nc2c1,0.627,0.4306,BUCB
,,5,1,5,COc1ccc(-c2noc(CCC(=O)N(C)c3cc(Cl)ccc3OC)n2)cc1,0.7035,0.4306,BUCB
,,5,2,5,O=C(NO)c1ccc(CNCc2nc(-c3ccc(F)cc3)no2)cc1,0.6749,0.5443,BUCB
,,5,3,5,N#Cc1c(N)nc(Sc2ccc(Cl)cc2)c(C#N)c1-c1ccc2c(c1)OCO2,0.6528,0.4452,BUCB
,,5,4,5,COc1ccc(-c2noc(CSc3nnc(C)n3-c3ccc(C)cc3)n2)cc1OC,0.674,0.4936,BUCB
,,5,5,5,CCc1ccc(-c2ccc(NC(=O)C(C)(N)CO)cc2)cc1,0.6527,0.4174,BUCB
,,6,1,5,O=C(NCc1nc(-c2ccc(Cl)cc2)no1)c1ccc2c(c1)OCO2,0.7057,0.4814,BUCB
,,6,2,5,COc1ccc(-c2noc(-c3ccc(O)cc3)n2)cc1OC,0.6969,0.3929,BUCB
,,6,3,5,O=C(O)CCc1ccc(OCc2nc(-c3cccc(Br)c3)no2)cc1,0.692,0.5242,BUCB
,,6,4,5,CNCc1nc(N)nc(N)c1-c1ccc(NCc2ccc(S(C)(=O)=O)cc2)cc1,0.6539,0.5581,BUCB
,,6,5,5,Cc1ccc(-c2noc(CCCC(=O)NC3CCCCC3)n2)cc1,0.6676,0.2606,BUCB
,,7,1,5,O=C(O)Cc1ccc(OCc2nc(-c3cccc(Cl)c3)no2)cc1,0.7049,0.5356,BUCB
,,7,2,5,CC(C)CCOCc1nc(N)nc(N)c1-c1ccc(NCc2ccc(S(C)(=O)=O)cc2)cc1,0.6968,0.5898,BUCB
,,7,3,5,COc1ccc(-c2ccc(SCC(=O)NCc3ccc4c(c3)OCO4)nn2)cc1OC,0.6817,0.5454,BUCB
,,7,4,5,CCN(Cc1ccncc1)Cc1nc(-c2ccc(C(=O)OC)cc2)no1,0.6804,0.5063,BUCB
,,7,5,5,N#Cc1c(N)nc(SCc2ccc(Cl)c(Cl)c2)c(C#N)c1-c1ccsc1,0.6401,0.261,BUCB
,,8,1,5,CCc1nc(N)nc(N2CCOCC2)c1-c1ccc(NCc2ccc(S(C)(=O)=O)cc2)cc1,0.707,0.6202,BUCB
,,8,2,5,COc1ccc(-c2noc(CC(=O)Nc3ccc(F)cc3F)n2)cc1,0.696,0.3856,BUCB
,,8,3,5,CCOc1ccc(-c2nc(C#N)c(NCc3ccc4c(c3)OCO4)o2)cc1,0.6929,0.4942,BUCB
,,8,4,5,Nc1nc(N)c2cc(NCc3ccc(C(=O)NC(CC(=O)O)C(=O)O)cc3)ccc2n1,0.6814,0.5642,BUCB
,,8,5,5,COc1ccc(-c2noc(CSc3nnc(-c4ccc(Cl)cc4)n3C)n2)cc1OC,0.6872,0.4686,BUCB
,,9,1,5,CCOC(=O)c1ccc(CNc2ccc3nc(N)nc(O)c3c2C)cc1,0.7244,0.5443,BUCB
,,9,2,5,CCc1nc(N)nc(N)c1-c1ccc(NCc2cc(F)cc(F)c2)cc1,0.7167,0.5402,BUCB
,,9,3,5,COc1nc(O)c2cc(CNc3ccc(C(=O)NC(CCC(=O)O)C(=O)O)cc3)ccc2n1,0.7163,0.598,BUCB
,,9,4,5,Cc1ccc(Cc2nc(-c3cccc(C)c3)no2)cc1,0.6879,0.006736,BUCB
,,9,5,5,COc1ccc(CNC(=O)CCSc2nc(-c3ccc4c(c3)OCO4)cc(C(F)(F)F)n2)cc1,0.6947,0.4685,BUCB
,,10,1,5,Nc1nc(N)c2c(Cl)c(CNc3ccc(C(=O)NC(CCC(=O)O)C(=O)O)cc3)ccc2n1,0.7518,0.5603,BUCB
,,10,2,5,CCOc1ccc(Cl)cc1-c1cc(Nc2ccc(CC(=O)O)cc2)nc(N)n1,0.7226,0.5667,BUCB
,,10,3,5,CCc1cccc(-c2sc(NCc3ccc(C(N)=O)cc3)nc2-c2ccc3c(c2)OCO3)n1,0.7073,0.4845,BUCB
,,10,4,5,COc1ccc(NC(=O)CCn2cnc3onc(-c4ccc(F)cc4)c3c2=O)cc1OC,0.6904,0.5596,BUCB
,,10,5,5,COCCNc1nc(C(=O)NCc2ccc(S(C)(=O)=O)cc2)cc(N)c1C#N,0.6732,0.4943,BUCB
,,11,1,5,Nc1nc(=O)c2cc(NCc3ccc(C(=O)NC(CCC(=O)O)C(=O)O)cc3)ccc2[nH]1,0.7433,0.5846,BUCB
,,11,2,5,Cc1c(CNc2ccc(C(=O)O)cc2)ccc2nc(N)nc(N)c12,0.7371,0.5369,BUCB
,,11,3,5,COc1ccc(Cl)cc1NC(=O)Cn1nnc(C(=O)NCc2ccc3c(c2)OCO3)c1N,0.7194,0.5084,BUCB
,,11,4,5,COc1ccc(-c2nc3ccc(NCc4cc(OC)on4)nc3n(CCNC(C)=O)c2=O)cc1,0.7029,0.5601,BUCB
,,11,5,5,COC(=O)c1ccc(CN(CCc2c(N)nc(N)nc2O)c2cc(F)ccc2[N+](=O)[O-])cc1,0.7124,0.5757,BUCB
,,12,1,5,CCOP(=O)(O)CCC(NC(=O)c1ccc(NCc2cnc3nc(N)nc(O)c3c2)cc1)C(=O)O,0.7541,0.5896,BUCB
,,12,2,5,Nc1nc(SCC(=O)NCc2ccc(F)cc2)nc(O)c1NC(=O)c1ccc(Cl)cc1,0.7354,0.5116,BUCB
,,12,3,5,COCCOc1nc(-c2ccc3c(c2)OCO3)n(-c2ccc(NC(=O)CCl)cc2)n1,0.7186,0.5775,BUCB
,,12,4,5,Nc1nc(N)c2nc(CNc3ccc(S(=O)(=O)NC(CCC(=O)O)C(=O)O)cc3)cnc2n1,0.7296,0.5167,BUCB
,,12,5,5,COc1ccc(-c2c(C(=O)O)c(C(N)=O)cc3ccc4c(c23)OCO4)cc1OC,0.7004,0.5372,BUCB
,,13,1,5,NCCCC(NC(=O)c1ccc(NCc2cnc3nc(N)nc(N)c3c2)cc1)C(=O)O,0.7686,0.5791,BUCB
,,13,2,5,COc1ccc(-c2nnc(SCC(=O)Nc3ccc4c(c3)OCCO4)n2N)cc1OC,0.7245,0.5167,BUCB
,,13,3,5,CCc1ccc(NC(=O)Cn2c(=O)n(Cc3nc(C)no3)c(=O)c3cc4c(cc32)OCO4)cc1,0.7238,0.5282,BUCB
,,13,4,5,CCCN(CC)c1nc2cc(C(=O)O)ccc2nc1-c1ccc(F)cc1,0.7181,0.2394,BUCB
,,13,5,5,CC(=O)NCc1ccc(-c2ccc(N3CCOc4ncnc(N)c4C3=O)cc2)c(Cl)c1,0.7121,0.5822,BUCB
,,14,1,5,CS(=O)(=O)CCC(NC(=O)c1ccc(NCc2cnc3nc(N)nc(O)c3n2)cc1)C(=O)O,0.7583,0.5427,BUCB
,,14,2,5,COc1ccc(CNC(=O)C2Cc3c(-c4ccc5c(c4)OCO5)ccnc3O2)cc1OC,0.7297,0.5663,BUCB
,,14,3,5,CCOc1ccc(-n2c(SCC(=O)Nc3ccc(Br)cc3)nc3nnc(C)c-3c2N)cc1,0.725,0.4922,BUCB
,,14,4,5,COc1ccc(CC(=O)Nc2ccc3c(c2)C(=O)N(CCC(=O)O)C3=O)cc1,0.729,0.5961,BUCB
,,14,5,5,COCc1c(CNc2ccc(Cl)cc2)cnc2nc(N)nc(N)c12,0.7291,0.4629,BUCB
,,15,1,5,Nc1nc(N)c2cc(COC(=O)Cc3ccc(C(=O)NC(CCC(=O)O)C(=O)O)cc3)ccc2n1,0.755,0.5957,BUCB
,,15,2,5,COc1ccc(C(=O)NCc2nnc(SCC(=O)Nc3ccc4c(c3)OCO4)o2)cc1,0.7475,0.5366,BUCB
,,15,3,5,COc1ccc(CNC(=O)CCN2C(=O)c3ccncc3C2=O)cc1OC,0.7321,0.5736,BUCB
,,15,4,5,COc1nc(NC(Cc2ccc(NC(=O)c3c(Cl)cncc3Cl)cc2)C(=O)O)nc(N2CCOCC2)n1,0.7218,0.5928,BUCB
,,15,5,5,COC(=O)c1ccc(CNc2nc(Nc3cc(OC)cc(OC)c3)c(C(N)=O)c3nccn23)cc1,0.729,0.5042,BUCB
,,16,1,5,Nc1nc(O)c2nc(CCNc3ccc(C(=O)NC(CCC(=O)O)C(=O)O)cc3)ccc2n1,0.7548,0.5841,BUCB
,,16,2,5,COc1ccc(C2=NS(=O)(=O)N(C)C(C(=O)NCc3ccc4c(c3)OCO4)=C2)cc1OC,0.7467,0.5267,BUCB
,,16,3,5,COc1ccc(Cn2c(CO)cnc2SCC(=O)Nc2ccc3c(c2)OCCO3)cc1,0.7473,0.5931,BUCB
,,16,4,5,NC(=O)c1cnc(Nc2ccc(N3CCOCC3)cc2)nc1NCc1ccc(F)cc1,0.7336,0.5761,BUCB
,,16,5,5,CCCS(=O)(=O)c1nc(NC(Cc2ccc(NC(=O)c3c(Cl)cncc3Cl)cc2)C(=O)O)cc(C(=O)O)n1,0.7386,0.5761,BUCB
,,17,1,5,NC(=O)c1nc(CNc2ccc(C(=O)NC(CCC(=O)O)C(=O)O)cc2)cnc1N,0.7526,0.5535,BUCB
,,17,2,5,COc1ccc(CNC(=O)C2(C)Cc3c(-c4ccc5c(c4)OCO5)ccnc3O2)cc1OC,0.7436,0.5604,BUCB
,,17,3,5,CCn1c(SCC(=O)Nc2ccc(N3CCOCC3)cc2)nnc1-c1ccc(OC)cc1,0.74,0.5279,BUCB
,,17,4,5,CCc1nn(Cc2ccc(NC(=O)c3ccc(Cl)cc3Br)cc2)c(CC)c1CC(=O)O,0.7415,0.4139,BUCB
,,17,5,5,Cn1c(=O)c(-c2c(Cl)cccc2Cl)cc2cnc(Nc3ccc(CC(N)C(=O)O)cc3)nc21,0.7349,0.543,BUCB
,,18,1,5,Nc1nc(N)c2c(n1)NC(=O)C(CNc1ccc(C(=O)NC(CCC(=O)O)C(=O)O)cc1)C2,0.7544,0.5393,BUCB
,,18,2,5,CC(=O)Nc1ccc(OCc2ccc3c(c2)OCO3)cc1,0.7454,0.09007,BUCB
,,18,3,5,COc1ccc(Cc2cc(C3CCN(C(=O)Cc4ccc(OC)c(OC)c4)CC3)nc(N)n2)cc1,0.7425,0.6586,BUCB
,,18,4,5,O=C(O)Cc1ccc(Nc2ncc(Cl)c(NCC3CCCO3)n2)cc1,0.7389,0.5986,BUCB
,,18,5,5,CCc1cnn(C)c(=O)c1-c1ccc(CC(NC(=O)c2c(Cl)cccc2Cl)C(=O)O)cc1,0.7339,0.5683,BUCB
,,19,1,5,COc1ccc(CNC(=O)C2CCN(Cc3nc(-c4ccc(OC)c(OC)c4)oc3C)CC2)cc1,0.7672,0.6466,BUCB
,,19,2,5,Nc1nc(N)c2c(CCCCc3ccc(C(=O)NC(CCC(=O)O)C(=O)O)cc3)coc2n1,0.7583,0.5948,BUCB
,,19,3,5,CC(=O)c1ccc(-c2nc3c(c(Nc4ccc(CC(=O)O)cc4)n2)SCCC3)cc1,0.758,0.5681,BUCB
,,19,4,5,COc1ccc(Cc2cc(C3CCN(C(=O)c4ccc5ocnc5c4)CC3)nc(N)n2)cc1,0.7648,0.643,BUCB
,,19,5,5,CCCN(C)c1c(NC(Cc2ccc(NC(=O)c3c(Cl)cncc3Cl)cc2)C(=O)O)c(=O)c1=O,0.7441,0.5996,BUCB
,,20,1,5,COc1ccc(CNC(=O)c2cc(-c3ccc(OC)c(OC)c3)on2)cc1,0.7777,0.4783,BUCB
,,20,2,5,Nc1nc(N)c2c(n1)CCC2CCCc1ccc(C(=O)NC(CCC(=O)O)C(=O)O)cc1,0.7683,0.6089,BUCB
,,20,3,5,CCc1ccc(-n2cc(C(=O)NOC)c(=O)c3cnc(Nc4ccc(C5CCN(C)CC5)cc4)nc32)cc1,0.7558,0.5868,BUCB
,,20,4,5,CCN(Cc1cc(-c2ccc(OC)cn2)ccc1-c1cc(CC(=O)O)ccc1OC)C(=O)C1CC1,0.7726,0.6012,BUCB
,,20,5,5,N=C(N)c1ccc(CNC(=O)Cn2c(-c3cccc(O)c3)c(Cl)nc(NC3CCC3)c2=O)cc1,0.7609,0.6096,BUCB
,,21,1,5,O=C(O)CCc1ccc(Nc2ncc(Br)c(NCC3CCCO3)n2)cc1,0.7709,0.588,BUCB
,,21,2,5,COc1ccc(CNC(=O)C2CCN(S(=O)(=O)c3ccc4nc5c(c(C(=O)O)c4c3)CC(C)CC5)CC2)cc1,0.7701,0.6572,BUCB
,,21,3,5,Nc1nc(O)c2c(n1)CCC1CN(c3ccc(C(=O)NC(CCC(=O)O)C(=O)O)cc3)C=[N+]21,0.7707,0.5981,BUCB
,,21,4,5,COc1cc(C2CCNCC2)ccc1Nc1ncc2c(=O)c(C(N)=O)c(N)n(CCO)c2n1,0.7643,0.5665,BUCB
,,21,5,5,COc1ccc(-c2nc(C[S+](O)CC(=O)NCc3ccc(C)cc3)c(C)o2)cc1OC,0.7598,0.5725,BUCB
,,22,1,5,Cc1nc(-c2ccc(C)c(S(=O)(=O)N3CCC(C(=O)NCc4ccc(Cl)cc4)CC3)c2)no1,0.7859,0.6209,BUCB
,,22,2,5,CC#CCN(Cc1ccc2nc(N)nc(O)c2c1)c1ccc(C(=O)NC(CCC(=O)O)C(=O)O)cc1,0.7763,0.6063,BUCB
,,22,3,5,COc1ccncc1-c1ccc2[nH]nc(C(=O)NCC3CCN(Cc4ccc(C(=O)O)o4)CC3)c2c1,0.774,0.6681,BUCB
,,22,4,5,COc1ccc(CCn2c(=N)c(C(=O)NCC3CCCO3)cc3c(=O)n4cccc(C)c4nc32)cc1,0.772,0.5823,BUCB
,,22,5,5,COc1cc(-c2ccc3ncc(C(=O)C4CC4)c(Nc4ccc(C(N)=O)cc4)c3c2)cc(Cl)c1O,0.7732,0.3622,BUCB
,,23,1,5,COc1ccc(CC(=O)C2C(=O)C(=O)N(c3ccc(-c4noc(C)n4)cc3)C2C2CCCCC2)cc1,0.7929,0.635,BUCB
,,23,2,5,CN(C)S(=O)(=O)c1ccc(CNC(=O)c2nc(-c3ccc(F)cc3)n(CCC(O)CC(O)CC(=O)O)c2C2CC2)cc1,0.7887,0.6585,BUCB
,,23,3,5,COc1cc(N2CCN(C)CC2)ccc1Nc1nc(N)n(C(=O)NCc2ccc(S(C)(=O)=O)cc2)n1,0.7891,0.5439,BUCB
,,23,4,5,Cc1[nH]c2nc(N)nc(O)c2c1Sc1ccc(C(=O)NC(CCC(=O)O)C(=O)O)cc1,0.7661,0.5269,BUCB
,,23,5,5,O=C(CCc1ccc(Nc2nccc(Nc3cc(C4CC4)n[nH]3)n2)cc1)NCCN1CCOCC1,0.768,0.6204,BUCB
,,24,1,5,COc1ccc(CNC(=O)Cn2nnc(-c3ccc(NC(=O)C4CCCCC4)cc3)n2)cc1,0.7958,0.6327,BUCB
,,24,2,5,CN(C)c1ccc(-c2nc3c(c(Nc4ccc(CC(=O)O)cc4)n2)S(=O)(=O)CCC3)cc1,0.7905,0.6219,BUCB
,,24,3,5,CC(C)Oc1cc(N2CCOCC2)cn2c(=O)c(O)c(C(=O)NCc3ccc(F)cc3)nc12,0.779,0.5716,BUCB
,,24,4,5,COc1ccc(CCNc2ncc(Br)c(Nc3cc(C4CC4)n[nH]3)n2)cc1,0.7799,0.5124,BUCB
,,24,5,5,Cc1cc2cc(Nc3nc(=O)n(CCCC(=O)O)c(=O)n3Cc3ccc(Cl)cc3)ccc2o1,0.7768,0.5908,BUCB
,,25,1,5,COc1ccc(CC(=O)NC(=N)NC(CC2CCCCC2)C(=O)NCc2ccc(-c3nnn[nH]3)cc2)cc1OC,0.8044,0.6104,BUCB
,,25,2,5,COc1ccc(CCC(=O)Nc2ccc(S(=O)(=O)N3CCOCC3)cc2)cc1,0.7907,0.5949,BUCB
,,25,3,5,Cc1cnc(Cl)nc1-c1ccc(N(Cc2ccc(CNC(=O)C3CCCC3)cc2)C(=O)c2ccc(O)cc2O)cc1,0.7949,0.2923,BUCB
,,25,4,5,CC1CCCCC1Oc1nc(N)c2c(=O)ccn(Cc3ccc(C(=O)O)cc3)c2n1,0.7869,0.6121,BUCB
,,25,5,5,Cc1nc(Nc2cc(-c3ccc(CNC(=O)Nc4cc(C(C)(C)C)on4)cc3)n[nH]2)cc(N2CCN(CCO)CC2)n1,0.7799,0.6024,BUCB
,,26,1,5,COc1ccc(OC)c(S(=O)(=O)NC2CCCCN(CC(=O)NCc3ccc(C(=N)N)cc3)C2=O)c1,0.8124,0.6404,BUCB
,,26,2,5,Cc1nc(Nc2cc(-c3ccc(CNC(=O)OCc4cc(C)on4)cc3)n[nH]2)cc(N2CCN(C)CC2)n1,0.7902,0.5659,BUCB
,,26,3,5,CC(C)Oc1ccc(Nc2ncc(CCC(=O)O)c(=O)n2Cc2ccc(Cl)cc2)cc1F,0.7883,0.5352,BUCB
,,26,4,5,O=C(O)Cn1cnc2c(NCc3ccco3)nc(NCc3ccc(C4CCCCC4)cc3)nc21,0.7879,0.5418,BUCB
,,26,5,5,COc1ccc(CCC(=O)Nc2cc3c4c(c2)C(C)C(=O)N4CCC3)cc1,0.7928,0.1215,BUCB
,,27,1,5,COc1ccc(CNC(=O)COC(=O)c2ccc(S(=O)(=O)N3CCOCC3)cc2)cc1,0.8128,0.5988,BUCB
,,27,2,5,Fc1ccc(-c2cc(CNc3nc(Nc4cc(C5CC5)n[nH]4)cc(OCCN4CCOCC4)n3)on2)cc1,0.7811,0.5638,BUCB
,,27,3,5,Cn1c(=O)c(Cc2ccc(C(=N)N)cc2)nc2cc(C3(N(C(=O)CC(=O)O)C4CCCC4)CC3)ccc21,0.7833,0.6617,BUCB
,,27,4,5,CCC(NC(=O)Cc1c(C)c2ccc(OC)c(C)c2oc1=O)C(=O)NC(Cc1ccc(Cl)cc1)C(=O)O,0.7753,0.5808,BUCB
,,27,5,5,Cc1nc2cnccc2n1CC1CCN(C(=O)NCc2ccc(N)cc2)CC1,0.7868,0.6454,BUCB
,,28,1,5,COc1ccc(CC(=O)NCc2ccc(F)cc2)cc1S(=O)(=O)N1CCOCC1,0.8159,0.5658,BUCB
,,28,2,5,CCN(CC)c1ncc(N(CC)S(=O)(=O)c2ccc(Cl)cc2)c(NC(Cc2ccc(OC(=O)N3CCCC3)cc2)C(=O)O)n1,0.7964,0.5462,BUCB
,,28,3,5,N#Cc1ccc(COC(=O)c2ccc3c(O)nc(CN4CCOCC4)nc3c2)cc1,0.7954,0.6389,BUCB
,,28,4,5,N=C(N)c1ccc(CNC(=O)C2C=CCN2C(=O)C(CC2CCCCC2)NCC(=O)O)cc1,0.7787,0.6653,BUCB
,,28,5,5,COc1ccc(-c2ccnc(-n3ncc(C(=O)NCc4ccon4)c3C3CC3)n2)cc1F,0.7765,0.5719,BUCB
,,29,1,5,COc1cccc(OC)c1-c1ccc(CC(Nc2ccc(S(=O)(=O)N3CCCC3)cc2)C(=O)O)cc1,0.807,0.6483,BUCB
,,29,2,5,N=C(N)NCc1ccc(C(=O)NCCC(=O)N2CCC(CC(=O)O)CC2)cc1,0.8049,0.6624,BUCB
,,29,3,5,O=C(NCc1ccc(Cl)cc1)c1cn2c(CCO)cc3cc(CN4CCOCC4)cc(c1=O)c32,0.8063,0.5915,BUCB
,,29,4,5,CCc1ccccc1Nc1nc(N)nc(COC(=O)C2CCN(C(=O)c3ccc(F)cc3)CC2)n1,0.7922,0.6187,BUCB
,,29,5,5,O=C(O)CN=C(O)C1=C(O)CCN(Cc2ccc(Oc3ccc(C4CC4)cc3)nc2)C1=O,0.7896,0.6526,BUCB
,,30,1,5,COc1ccc(CNC(=O)C2CCN(C(=O)c3ccc(F)cc3)CC2)cc1OC,0.8288,0.2869,BUCB
,,30,2,5,COC1CCN(S(=O)(=O)c2ccc(CNC(=O)c3cnc4[nH]ncc4c3)cc2)CC1,0.8202,0.5775,BUCB
,,30,3,5,Nc1ncnc2c1C(=O)N(c1ccc(C3CCC(CCC(=O)O)CC3)cc1)CCO2,0.8024,0.6465,BUCB
,,30,4,5,CC(NC(=O)c1ccc(CN=C(N)N)cc1)C(=O)N1CCC(CC(=O)O)CC1,0.8145,0.6376,BUCB
,,30,5,5,COc1cccc(OC)c1-c1ccc(CC(NC(=O)C2(S(=O)(=O)c3cncn3C)CCCNC2)C(=O)O)cc1,0.8107,0.629,BUCB
,,31,1,5,COc1ccc(CC(C)Nc2ccncc2S(=O)(=O)NC(Cc2ccc(N)cc2)C(=O)N2CCC(CCF)CC2)cc1,0.8198,0.6452,BUCB
,,31,2,5,Cc1nc(C)c(-c2ccc(C3CCC(CCC(=O)O)CC3)cc2)nc1C(N)=O,0.8154,0.6355,BUCB
,,31,3,5,NS(=O)(=O)c1ccc(CNC(=O)c2ccc3c(=O)n4c(nc3c2)CCCCC4)cc1,0.8159,0.5962,BUCB
,,31,4,5,COc1ccccc1-c1ccc(CC(NC(=O)C2(C(=O)N3CCOCC3)CCCO2)C(=O)O)cc1,0.8042,0.6807,BUCB
,,31,5,5,CCOC(=O)C1CCN(S(=O)(=O)c2ccc(CN3C(=O)c4cccnc4C3=O)cc2)CC1,0.8133,0.5982,BUCB
,,32,1,5,Nc1ccc(CNC(=O)NCC(=O)N2CCOC(CN3C(=O)c4ccccc4C3=O)C2)cc1,0.8216,0.64,BUCB
,,32,2,5,COc1ccc(-c2nnc(NC(=O)c3ccc(C4CCC(CC(=O)O)CC4)cc3)s2)cc1,0.8179,0.4861,BUCB
,,32,3,5,Cc1nc2cccnc2n1-c1ccc(CC(NC2=C(Br)C(=O)C23CCCCC3)C(=O)O)cc1,0.8131,0.6397,BUCB
,,32,4,5,NC(=O)c1ccc2[nH]c(-c3ccc(OCCC4CCN(Cc5ccc(Cl)cc5)CC4)cc3)nc2c1,0.8139,0.4199,BUCB
,,32,5,5,O=C(NCc1ccc(F)cc1)c1cn2ccn(CCN3CCOCC3)c(=O)c2c(O)c1=O,0.8098,0.6276,BUCB
,,33,1,5,CCN(CC)S(=O)(=O)C1(C(=O)NC(Cc2ccc(-c3ccccc3OC)cc2)C(=O)O)CCCC1,0.8278,0.6701,BUCB
,,33,2,5,CC1CCN(c2c(NCc3ccc(C(=O)NCc4cccnc4)cc3)c(=O)c2=O)CC1,0.8253,0.6346,BUCB
,,33,3,5,CCOc1ccc(CNC(=O)CN2C(=O)CSc3ccc(S(=O)(=O)N4CCOCC4)cc32)cc1,0.8181,0.6004,BUCB
,,33,4,5,CC(N)c1nc(C(=O)N2CCCC2C(=O)NC(Cc2ccc(O)cc2)C(=O)O)co1,0.8083,0.6027,BUCB
,,33,5,5,Cc1cc(C(N)=O)ccc1-n1c(CCC(=O)O)ccc1-c1ccc(-n2ccnc2C2CC2)cc1,0.7968,0.6059,BUCB
,,34,1,5,COc1cccc(OC)c1-c1ccc(CC(NC(=O)C2(C)CCCO2)C(=O)O)cc1,0.8305,0.6287,BUCB
,,34,2,5,CCCc1nc(SC)c(C(=O)O)n1Cc1ccc(-c2ccccc2S(=O)(=O)NC(=O)NC2CCCCC2)cc1,0.8254,0.4812,BUCB
,,34,3,5,NC(=NC(=O)c1ccc(CC(N)C(=O)O)cc1)NCc1cc(-c2nccs2)ccc1N1CCCCC1,0.8247,0.6552,BUCB
,,34,4,5,NS(=O)(=O)c1ccc(Nc2ncnc3cc4oc(=O)n(CCCN5CCOCC5)c4cc23)cc1,0.7988,0.63,BUCB
,,34,5,5,CN(C(=O)Cn1cccn1)C1CCCn2c1nc(C(=O)NCc1ccc(F)cc1)c(O)c2=O,0.8155,0.5685,BUCB
,,35,1,5,COc1cccc(N2CCCCC2)c1CNC(N)=NC(=O)c1ccc(CC(N)C(=O)O)cc1,0.8407,0.6297,BUCB
,,35,2,5,CNC(=O)C(Cc1ccc(OC)cc1)NC(=O)C1(NC(CCN2C(=O)c3cc4ccccc4cc3C2=O)C(=O)O)CCCCC1,0.8274,0.6669,BUCB
,,35,3,5,Cn1c(=O)c(C(=O)NCCN2CCOCC2)c(O)c2ncc(Cc3ccc(F)cc3)cc21,0.8155,0.6161,BUCB
,,35,4,5,CN(C)c1ccc(-c2noc(C3CCN(S(=O)(=O)c4cccc(C(=O)O)c4)CC3)n2)cc1,0.81,0.653,BUCB
,,35,5,5,O=C(NCc1ccc(S(=O)(=O)C2CCOCC2)cc1)N1Cc2ccncc2C1,0.8115,0.5912,BUCB
,,36,1,5,O=C(Cn1c(=O)oc2cc(S(=O)(=O)N3CCCCC3)ccc21)NCc1ccc(F)cc1,0.8271,0.5964,BUCB
,,36,2,5,CC(Cc1ccc(C(=O)NCCC(=O)O)cc1)N1C(=O)C(c2cc(Cl)cc(Cl)c2)=NC12CCC(C(C)(C)C)CC2,0.8254,0.2505,BUCB
,,36,3,5,O=C(O)C(Cc1ccc(OCc2c(Cl)cccc2Cl)cc1)NC(=O)C1OCOC1C(=O)N1CCOCC1,0.8265,0.5985,BUCB
,,36,4,5,O=C(NC(Cc1ccc(O)cc1)C(=O)NCc1ccncc1)c1ccc2c(c1)nc(-c1ccoc1)n2C1CCCCC1,0.82,0.4327,BUCB
,,36,5,5,CCc1nccc(-c2ccc(C(=O)N3CCN(CC4CC4)CC3)c(OC)c2)c1C#Cc1ccc(N)nc1,0.8015,0.6359,BUCB
,,37,1,5,O=C(Cc1cccnc1)NCc1ccc(-c2nc(C(=O)N3CCCCC3)co2)cc1,0.8334,0.6595,BUCB
,,37,2,5,COc1ccc(CNC(=O)C(=O)NCC2OCCN2S(=O)(=O)c2ccc3c(c2)OCCO3)cc1,0.827,0.5759,BUCB
,,37,3,5,N=C(N)c1ccc(CC(NC(=O)CNS(=O)(=O)c2ccc(C(=N)N)cc2)C(=O)O)cc1,0.8193,0.5354,BUCB
,,37,4,5,CCc1c(CCN2CCN(C(=O)Cc3ccc(-n4cnnn4)cc3)CC2)ccc2c1COC2=O,0.8177,0.6639,BUCB
,,37,5,5,COc1ccc(-c2ccc3c(N4CCOCC4C)nc(N4CCC(C(N)=O)CC4)nc3n2)cc1CO,0.7968,0.6493,BUCB
,,38,1,5,COCCNC(=O)c1c(O)c2ncc(Cc3ccc(F)cc3)cc2n(CC(=O)N2CCCCC2)c1=O,0.8258,0.6166,BUCB
,,38,2,5,CNCc1ccc(-n2nc(C(=O)N3CCOCC3)c3c2-c2ccccc2S(=O)(=O)C3)cc1,0.8246,0.6522,BUCB
,,38,3,5,CNCC(CC1CCCCC1)Nc1ccncc1S(=O)(=O)NC(Cc1ccc(N)cc1)C(=O)N1CCC(CCF)CC1,0.8209,0.642,BUCB
,,38,4,5,N=C(N)c1ccc(CCc2ccc3c(c2)CCN(CC(=O)O)C3=O)cc1,0.8198,0.6368,BUCB
,,38,5,5,COc1ccc(-c2ccc3c(N4CCOCC4C)nc(N4CCOCC4C)nc3n2)cc1C(=O)NCCO,0.8096,0.6261,BUCB
,,39,1,5,O=C1OCc2cc(CCN3CCCN(C(=O)Cc4ccc(-n5cnnn5)cc4)CC3)ccc21,0.8322,0.6853,BUCB
,,39,2,5,Cc1c(CC(=O)O)cc2ccc(F)cc2c1-c1ccc(S(=O)(=O)N2CCCC2)cc1,0.8247,0.4319,BUCB
,,39,3,5,COc1ccc(-n2c(=O)[nH]c3cc(C(=O)NCCCN4CCOCC4)ccc3c2=O)cc1,0.8276,0.6571,BUCB
,,39,4,5,CC1(C)CC(C(=O)NCc2ccc(C(=N)N)cc2)n2c1c(Cl)nc(NC1(CO)CCCC1)c2=O,0.809,0.58,BUCB
,,39,5,5,CCCc1c(-c2nc(-c3ccc(CN4CC(C(=O)O)C4)cc3)no2)noc1-c1ccccn1,0.8066,0.5955,BUCB
