BO Iteration,Selected SMILES,True f,UCB+nov,eta_t,novelty_mean,novelty_std,ucb_low,ucb_high,novz_low,novz_high
0,C=C=C,0.0,1.323,0.25,0.8224,0.0425,0.294,0.7444,-13.836,4.014
1,ClC(Br)Br,0.0,1.022,0.1768,0.8224,0.0424,0.294,0.7444,-13.841,3.96
2,NC1C(O)C(O)C(O)C(O)C1NC1C(O)C(O)C(O)C(O)C1O,0.2426,0.8903,0.1443,0.8224,0.0424,0.2941,0.7444,-13.853,3.934
3,FC(F)(F)C(F)(F)C(F)(F)C(F)(F)C(F)(F)C(F)(F)C(F)(F)C(F)(F)C(F)(F)C(F)(F)F,0.0,0.8176,0.125,0.8221,0.042,0.2957,0.7444,-13.993,3.982
4,NCC=O,0.0,0.7631,0.1118,0.822,0.042,0.2697,0.7444,-13.982,3.904
5,ClC1(Cl)C2(Cl)C3(Cl)C4(Cl)C(Cl)(Cl)C5(Cl)C3(Cl)C1(Cl)C5(Cl)C24Cl,0.0,0.725,0.1021,0.8219,0.0419,0.2694,0.7444,-14.02,3.916
6,[O-][Cl+]O,0.0,0.6868,0.0945,0.8219,0.0419,0.2694,0.7444,-14.021,3.798
7,S=C1NCCN1,0.0001245,0.6629,0.0884,0.8219,0.0419,0.2692,0.7444,-14.023,3.608
8,NC(CCSCC1OC(n2cnc3c(=O)[nH]cnc32)C(O)C1O)C(=O)O,0.5375,0.6484,0.0833,0.8219,0.0418,0.2693,0.7443,-14.039,3.556
9,CC(=O)Nc1nnc(SCC(=O)NCC2CCCO2)s1,0.4316,0.6425,0.0791,0.8207,0.0415,0.2751,0.748,-14.132,3.616
10,CNc1nc(C(N)=O)cnc1C#N,0.2779,0.6523,0.0754,0.82,0.0412,0.2778,0.7521,-14.192,3.608
11,CN(C)c1ncnc2c1N=C1CC(C)(C)CC(NCCCC(=O)O)=C1S2,0.5273,0.6525,0.0722,0.8198,0.041,0.2782,0.7529,-14.274,3.618
12,CC(C)(ON=C(C(=O)NC1C(=O)N2C(C(=O)O)=C(CSc3ncccn3)CSC12)c1cnc(N)s1)C(=O)O,0.5092,0.6592,0.0693,0.8196,0.0408,0.2802,0.7572,-14.336,3.639
13,CC1CCC(C(=O)O)=C(NC(=O)C(N)Cc2nc(-c3ccc(F)cn3)no2)C1,0.5216,0.6696,0.0668,0.8194,0.0409,0.2829,0.7623,-14.29,3.635
14,N#Cc1csc(NC(=O)CN2C(=O)CCc3ncccc32)c1-c1ncn[nH]1,0.5002,0.6766,0.0645,0.8191,0.0407,0.2853,0.7639,-14.355,3.661
15,O=C(C1SC(n2cnc3c(NCc4cccc(I)c4)nc(Cl)nc32)C(O)C1O)N1CCSCC1,0.5643,0.6783,0.0625,0.819,0.0406,0.2859,0.7683,-14.38,3.671
16,O=C(O)Cn1ncc2c(Nc3ccc(NC(=O)CCl)cc3)ncnc21,0.5406,0.6833,0.0606,0.8188,0.0408,0.2862,0.774,-15.395,3.663
17,Cc1cc(Nc2nccc(C)n2)cc(-c2cnc(CC3(O)CCC(C(=O)O)CC3)s2)c1,0.6074,0.687,0.0589,0.8178,0.0409,0.2878,0.7755,-15.324,3.674
18,CNC1CN(c2ccc3c(=O)c(C(=O)O)cn(-c4nccs4)c3n2)CC1SC,0.5496,0.6978,0.0574,0.8175,0.0408,0.2882,0.7799,-15.359,3.693
19,CN(C)c1ncc2nc(-c3cccc(C#N)c3)c(=O)n(CC3CCCO3)c2n1,0.5795,0.6998,0.0559,0.8173,0.0408,0.2897,0.7811,-15.355,3.698
20,O=C(O)CSc1ncnc2c1sc1nc(-c3ccccc3)c3c(c12)CCC3,0.3826,0.7101,0.0546,0.8168,0.0408,0.2889,0.7844,-15.343,3.709
21,CCNc1ncc(C(=O)N2Cc3nc(C)[nH]c(=O)c3C2)cn1,0.4324,0.7049,0.0533,0.8163,0.0409,0.2889,0.7829,-15.297,3.714
22,CC(=O)NCC1CCN(c2ncnc(C)c2C#Cc2ccc(N)nc2)CC1,0.5684,0.7064,0.0521,0.8162,0.0408,0.2891,0.7825,-15.335,3.728
23,CC1(c2cc(NC(=O)c3cnc(NCC#N)cn3)ccc2F)CCSC(N)=N1,0.5368,0.7126,0.051,0.8158,0.0409,0.2883,0.7846,-15.253,3.719
24,CNC(=O)c1ccc2c(=O)n(C(CC3CCCCC3)C(=O)Nc3ncc(Cl)s3)cnc2c1,0.6077,0.7179,0.05,0.8156,0.0411,0.2881,0.7863,-15.206,3.713
25,Cn1c(-c2cccc(F)c2)nc2c(NC(=O)C3CC3)ncnc21,0.3267,0.7256,0.049,0.8147,0.0409,0.2881,0.7876,-15.233,3.748
26,O=C(Nc1nc(-c2ccc(F)c(C(F)(F)F)c2)ns1)c1cnc(N2CCC(C(=O)O)CC2)c(Cl)c1,0.472,0.7168,0.0481,0.8142,0.0409,0.2884,0.7856,-15.221,3.759
27,CCC1CN(C(=O)C2(C#N)CC2)CC1Nc1c(C(=N)O)cnn2cc(-c3ccc4ncccc4c3)nc12,0.6237,0.7159,0.0472,0.8136,0.0409,0.2886,0.7857,-15.207,3.774
28,CC(=O)NCC1OC(=O)N2c3ccc(-c4ccc(-n5cncn5)nc4)cc3OCC12,0.5712,0.7199,0.0464,0.8135,0.041,0.2886,0.7887,-15.185,3.772
29,CN(C)c1ccc(-c2nc3c(N4CCN(CC(=O)Nc5nccs5)CC4)c(Cl)cnc3[nH]2)cc1,0.6265,0.7251,0.0456,0.8133,0.0411,0.2888,0.7899,-15.144,3.767
30,CCNC(=O)Nc1nc2cc(-c3cnc(N4CCC(C)(C(=O)O)C4)nc3)cc(-c3ccccn3)c2s1,0.5793,0.731,0.0449,0.8128,0.0413,0.2876,0.7919,-15.061,3.764
31,CC(C)CNc1nc(C#CCNC(=N)O)cn2c(-c3ccc(C(=O)NC4CC4)cc3)cnc12,0.5765,0.7314,0.0442,0.8126,0.0414,0.2881,0.7936,-15.023,3.759
32,Cc1cnc(NCc2ccc3c(n2)NCCC3)c(=O)n1CC(=O)NC(CC(=O)O)c1cccnc1,0.5668,0.7368,0.0435,0.8124,0.0414,0.288,0.793,-14.999,3.758
33,CCCOCCn1c(=O)c(NCC(=O)N2CCC(O)CC2)nc2cnc(-c3ccc(OC)nc3)cc21,0.6238,0.7418,0.0429,0.8123,0.0414,0.2885,0.793,-14.985,3.76
34,CC(=O)N1CCC(Nc2cc(-n3ccc4cc(C#N)cnc43)ncc2C(O)=NCC(F)C(C)(C)O)CC1,0.6368,0.746,0.0423,0.812,0.0414,0.2893,0.7957,-15.0,3.771
35,CC(C)N(C)c1nc2cc(C(=O)O)ccc2nc1-c1ccc(N2CCCC2)nc1,0.5584,0.7505,0.0417,0.8119,0.0417,0.2901,0.8034,-14.897,3.749
36,N#Cc1cc(-c2ccnc(Nc3ccc(C(=O)NCCO)cc3)n2)cnc1N1CCC(F)C1,0.6014,0.7529,0.0411,0.8113,0.0418,0.2901,0.8067,-14.819,3.745
37,CN(C)C(=O)c1cc2cnc(Nc3ccc(N4CC(O)C4)cn3)nc2n1C1CCCC1,0.6152,0.7533,0.0406,0.811,0.0421,0.2903,0.8101,-14.71,3.729
38,CN(C)CC1CCC(Nc2c(C(=O)C3CC3)cnc3ccc(-c4cnc(C#N)nc4)cc23)CC1,0.592,0.7582,0.04,0.8107,0.0425,0.2904,0.8157,-14.576,3.702
39,CCc1ccc(-c2c(C)c(CNC3CCCC3)nn2-c2ncccc2Cl)cn1,0.07615,0.7617,0.0395,0.8106,0.0427,0.2899,0.8201,-14.517,3.691
40,CNC(=O)Nc1ccc(-c2ccc3ncc4c(c3n2)n(C2CCN(C(=O)C(C)O)CC2)c(=O)n4C)cc1,0.6269,0.7582,0.039,0.8104,0.0427,0.2925,0.8062,-14.496,3.691
41,COC(=O)c1cccc(NC(=O)C2(CN(C)C)CCN(c3ncnc4[nH]cc(C#N)c34)CC2)c1,0.6065,0.756,0.0386,0.8101,0.0428,0.292,0.8265,-14.445,3.687
42,N#Cc1ccc(CC(=O)Nc2cncc(C(=O)c3cn(C45CC(C4)C5)c4nc(N)ncc34)c2)cc1,0.583,0.7613,0.0381,0.8099,0.0429,0.2916,0.8242,-14.429,3.689
43,CCn1cc(C(=O)O)c(=O)c2cnc(N3CCN(C(=S)Nc4cccc(Cl)c4)CC3)nc21,0.6207,0.7647,0.0377,0.8097,0.043,0.2914,0.8244,-14.388,3.683
44,O=C(O)CCC(=O)N1CCN(c2ccc(Nc3ncc(Br)c(NCC4CCCO4)n3)cc2)CC1,0.644,0.7657,0.0373,0.8091,0.0434,0.2911,0.8254,-14.243,3.527
45,CC(=O)NCCn1c(NC(=O)c2cccc(C#N)c2)nc2cc(C(=O)N3CCCCC3)cnc21,0.5719,0.7674,0.0369,0.8087,0.0436,0.2908,0.8302,-14.152,3.516
46,CC(C)(O)CNC(=O)c1cnccc1NC(=O)c1nc(C2CC2)cnc1Nc1cncnc1,0.5471,0.765,0.0365,0.8084,0.0438,0.2907,0.8309,-14.105,3.514
47,NC(=O)c1cnc2[nH]ccc2c1NC1CCN(c2ccc(CO)cn2)CC1,0.5925,0.7666,0.0361,0.8083,0.044,0.2909,0.8315,-14.022,3.496
48,CC(=O)Nc1ccc(Nc2ncc(CN3CCN(S(C)(=O)=O)CC3)cc2-c2nc(C)nc(N)n2)cn1,0.5638,0.7667,0.0357,0.8082,0.044,0.2907,0.8312,-14.012,3.496
49,Cc1cnc(C(CC(=O)O)c2cccc(-c3cncc(C(=O)N4CCOCC4)c3)c2)s1,0.667,0.765,0.0354,0.808,0.0441,0.2905,0.8336,-13.976,3.491
50,Cc1ccc(NC(=O)c2cccc(C(C)(C)C#N)c2)cc1Nc1ncnc2cnc(N(C)CC3CCOCC3)nc12,0.4422,0.7679,0.035,0.8077,0.0443,0.2902,0.8376,-13.91,3.485
51,CC(=O)Nc1ccc(-c2ncnc3c2cc(C(=O)NCCCN2CCOCC2)n3C)cc1,0.635,0.7667,0.0347,0.8075,0.0446,0.29,0.837,-13.831,3.47
52,CN(C)c1ccc(CNC(=O)c2cnc3sc(N4CCOCC4)nn3c2=O)cc1,0.5524,0.7734,0.0343,0.8068,0.0451,0.2899,0.8458,-13.659,3.447
53,CC(C)Nc1nc(-c2cnn(CC(=O)N3CCOCC3)c2)cc2ncn(C)c(=O)c12,0.5703,0.7695,0.034,0.8064,0.0452,0.2899,0.846,-13.603,3.442
54,CC(=O)N1CCC(c2nc(NCc3ccc(F)cc3)ncc2-c2cc(C)no2)CC1,0.5745,0.7701,0.0337,0.8063,0.0454,0.2898,0.848,-13.563,3.434
55,CC(=O)N1CCN(C(=O)c2cc(Sc3cnc(Nc4cc(C)cc(C)n4)s3)ccc2O)CC1,0.5794,0.7725,0.0334,0.8057,0.0455,0.29,0.8508,-13.501,3.436
56,CC(C)(C)C1CCc2onc(C(=O)Nc3cnn(Cc4ccc(C(=O)O)cc4)c3)c2C1,0.5615,0.7724,0.0331,0.8056,0.0456,0.2898,0.8525,-13.485,3.435
57,Cc1noc(C)c1CC1(O)CCN(C(=O)c2ccc(NS(=O)(=O)c3cccc4nccnc34)cc2)CC1,0.6101,0.7738,0.0328,0.8053,0.0456,0.2899,0.8531,-13.477,3.441
58,Cc1cc(C)c(C(=O)N2CCC(F)(c3ccc(C#N)cn3)CC2)cc1NC(=O)c1cnc(N2CCOCC2)nc1,0.6236,0.7783,0.0325,0.8048,0.0459,0.2898,0.8514,-13.37,3.427
59,Nc1ncnc2c1ncn2C1OC(C(=O)Nc2ccc(C(=O)N3CCCCC3)cc2)C(O)C1O,0.5858,0.778,0.0323,0.8048,0.0459,0.2899,0.8575,-13.36,3.427
60,CN(Cc1cccc(-c2cnc(N3CCN(c4ccc(C#N)nc4)CC3)nc2)c1)C(=O)CN,0.6456,0.7785,0.032,0.8045,0.0462,0.2899,0.8585,-13.265,3.409
61,CC(C)(CO)NC(=O)c1ccc(C(=O)N2CCN(c3ncccc3N)CC2)nc1,0.5966,0.7777,0.0318,0.8044,0.0463,0.2899,0.8569,-13.237,3.405
62,CCC(=O)N1CCN(c2ccc(Nc3c(C(N)=O)cnc4ccc(-c5ccc(N)nc5)cc34)cc2C(F)(F)F)CC1,0.5296,0.781,0.0315,0.8042,0.0465,0.2901,0.8576,-13.186,3.398
63,O=C(NO)c1cnc(Nc2cccc(N3CCOCC3)c2)nc1,0.5878,0.7793,0.0312,0.8038,0.0466,0.2897,0.8576,-13.136,3.396
64,CN(C)c1ccc(-c2nc3c(c(Nc4ccc(CC(=O)O)cc4)n2)SCCC3)cn1,0.6174,0.7765,0.031,0.8036,0.0468,0.2896,0.8584,-13.08,3.386
65,CC1CCN(C(=O)c2cccc(CSc3cnc(NC(=O)c4ccc(N(C)C)cc4)s3)c2)CC1,0.1492,0.7781,0.0308,0.8035,0.0469,0.2894,0.8595,-13.052,3.382
66,COc1ccc(C(CC(=O)O)Nc2ncnc3c2CN(c2ccc(Cl)cc2C#N)CC3)cn1,0.6033,0.7858,0.0305,0.8031,0.0471,0.2908,0.863,-12.99,3.377
67,COc1nc(NC(Cc2ccc(NC(=O)c3c(Cl)cncc3Cl)cc2)C(=O)O)nc(N2CCOCC2)n1,0.5928,0.7888,0.0303,0.803,0.0472,0.2906,0.8607,-12.968,3.374
68,CC(=O)NCC1CN(c2ccc(N3CCN(c4cncc(Cl)n4)CC3)c(F)c2)C(=O)O1,0.5691,0.7867,0.0301,0.8028,0.0473,0.2905,0.8619,-12.938,3.369
69,CCN1CCN(c2cc(C)c3cc(NC(=O)c4cnccn4)ccc3n2)CC1,0.4119,0.7852,0.0299,0.8026,0.0478,0.2906,0.8627,-12.78,3.335
70,COCCNC(=O)c1cn2cc(-c3cnc(N)nc3)nc(N3CCOCC3)c2n1,0.5574,0.7786,0.0297,0.8023,0.0482,0.2911,0.8618,-12.684,3.318
71,CC(C)S(=O)(=O)c1ccccc1Nc1nc(Nc2nc3c(s2)CCN(C(=O)CO)CC3)ncc1Cl,0.5417,0.7786,0.0295,0.8022,0.0482,0.291,0.863,-12.672,3.316
72,O=C1CC2(CCN(c3nccc(-c4cc(C(=O)O)ccn4)n3)CC2)CN1,0.632,0.7764,0.0293,0.8021,0.0483,0.291,0.8627,-12.649,3.313
73,CC(=O)N1CCN(c2cc(C(=O)O)nc3c(-c4cccc(O)c4)nc(N4CCOCC4)nc23)CC1,0.6205,0.7823,0.0291,0.8021,0.0483,0.2907,0.8622,-12.654,3.315
74,CC1(C(=O)N2CCOCC2)COC(c2nc(-c3ccc(F)cc3)c(-c3ccnc(NCCC#N)n3)[nH]2)OC1,0.5863,0.7838,0.0289,0.802,0.0484,0.2905,0.8684,-12.623,3.31
75,CC(C)(C)CC(=O)N1CCN(c2ccc(-c3nc(C4(c5ccc(-c6cnc(N)nc6)nc5)CCC4)no3)cn2)CC1,0.5997,0.7823,0.0287,0.8019,0.0485,0.2906,0.8699,-13.965,3.305
76,CC(C)(C)OC(=O)N1CCC(n2ncc3c(N4CCOCC4)nc(-c4ccc(NC(=O)NCCF)cc4)nc32)CC1,0.6069,0.7834,0.0285,0.8019,0.0487,0.2907,0.8704,-13.906,3.293
77,O=C(O)CCNc1nc(-c2nccs2)cc(N2CCN(c3ccc(F)cc3)CC2)n1,0.5959,0.7815,0.0283,0.8017,0.0488,0.291,0.8538,-13.866,3.287
78,CC1(C(=O)O)CCN(c2cc(N3CCCC(C(=O)NCCc4ccc(C#N)cc4)C3)nc(C(F)(F)F)n2)CC1,0.6045,0.78,0.0281,0.8015,0.049,0.2911,0.8537,-13.807,3.278
79,CS(=O)(=O)N1CCN(c2ccnc(Nc3ncc(-c4cncc(C(=O)NCCN)c4)s3)c2)CC1,0.5832,0.7793,0.028,0.8013,0.049,0.294,0.8518,-13.811,3.283
80,COc1ncc(-c2ccc3nc(NC(=O)NCC(=O)N4CCOCC4)nn3c2)cc1NS(=O)(=O)c1ccc(F)cc1,0.532,0.7794,0.0278,0.8013,0.049,0.2939,0.8516,-13.793,3.28
81,CC(C)n1c(CN(C)c2ncc(C(=O)NO)cn2)nc2c(N3CCOCC3)nc(-c3ccc(N)cc3)nc21,0.5637,0.7796,0.0276,0.801,0.0491,0.2939,0.8516,-13.759,3.28
82,O=C(NCC#Cc1ccc2ncc(NC3CCN(C4COC4)CC3)nc2c1)c1ccnn(Cc2ccc(F)c(F)c2)c1=O,0.6277,0.7775,0.0274,0.801,0.0492,0.2939,0.8492,-13.727,3.273
83,Cc1cc(Nc2cc(C(F)(F)F)ccn2)nc(-c2ccc(NC3CCN(C(=O)CCCN4CCCC4=O)CC3)nc2)c1,0.4569,0.7829,0.0273,0.8009,0.0494,0.2943,0.8508,-13.694,3.267
84,CC1CN(c2ccc(C#N)cn2)CC1Nc1c(C(N)=O)cnn2cc(-c3cnn(CC(=O)N4CC(F)(F)C4)c3)cc12,0.5783,0.7801,0.0271,0.8008,0.0495,0.2923,0.848,-13.646,3.259
85,Cc1cn2c(-c3cnn(CC(=O)Nc4ccc(F)cc4)c3)cnc2c(Nc2cc(CN3CCCCC3)ns2)n1,0.5235,0.7823,0.027,0.8007,0.0495,0.2925,0.8476,-13.645,3.259
86,CCN1CC(C)(C)Oc2nc(N3CC4CCC(C3)O4)nc(-c3ccc(NC(O)=Nc4ccc(N5CCN(C(=O)OC)CC5)nc4)c(F)c3)c2C1=O,0.5931,0.7812,0.0268,0.8007,0.0496,0.2925,0.8477,-13.631,3.257
87,COc1cc(N2CCN(C(C)=O)CC2)ccc1Nc1ncc(F)c(-c2cnc3ccccn23)n1,0.5634,0.7804,0.0267,0.8006,0.0496,0.2922,0.8473,-13.613,3.254
88,O=C(c1ccnc(N=C(O)Cc2nc(C3CC3)oc2C2CC2)c1)c1cn(C2COC2)c2ccncc12,0.5745,0.7795,0.0265,0.8004,0.0499,0.2923,0.8482,-13.535,3.241
89,COc1ncnc2c1C(=O)N(c1ccc(C3CCC(CC(=O)O)CC3)cc1)CCO2,0.63,0.7814,0.0264,0.8004,0.0499,0.2921,0.8481,-13.521,3.239
90,O=C(NCCO)C1CCN(c2nc(-c3ccnc(NC4CCOCC4)c3)cc3cnccc23)CC1,0.6813,0.784,0.0262,0.8002,0.0499,0.2919,0.8509,-13.519,3.242
91,COc1ncc(-c2ccc3nc(NC(=O)NCCN4CCOCC4)sc3c2)cc1C#N,0.5663,0.7868,0.0261,0.8001,0.05,0.2908,0.8507,-13.497,3.238
92,COc1ccncc1-c1ccc2[nH]nc(C(=O)NCC3CCN(Cc4ccc(C(=O)O)o4)CC3)c2c1,0.6681,0.7868,0.0259,0.8,0.0501,0.2908,0.8508,-13.474,3.235
93,O=C(NCCO)c1ccc(-c2ccc3[nH]nc(-c4cc(N5CCOCC5)ncn4)c3c2)cc1,0.636,0.7918,0.0258,0.7999,0.0501,0.2901,0.8519,-13.467,3.237
94,CCNC(=O)N1CCC(Nc2cc(-c3c(-c4ccc(F)cc4)nc(SC=CC(=O)O)n3C)ccn2)CC1,0.601,0.7897,0.0256,0.7997,0.0503,0.2899,0.8509,-13.421,3.23
95,O=C(NCCCC(=O)N1CCN(c2cc3c(cc2F)c(=O)c(C(=O)O)cn3C2CC2)CC1)c1cnccn1,0.6494,0.7898,0.0255,0.7996,0.0503,0.2898,0.8512,-13.404,3.228
96,COCCOc1cc2ncnc(N3CCN(C(=O)Nc4ccc(C#N)cc4)CC3)c2cc1OC,0.6126,0.7878,0.0254,0.7995,0.0506,0.2896,0.8524,-13.325,3.213
97,COc1cc2nc(N3CCC(Nc4ccc(C(=O)O)cn4)CC3)nc(N)c2cc1OC,0.6191,0.7891,0.0253,0.7989,0.0509,0.2892,0.8514,-13.245,3.208
98,CC(C)c1cc(C#N)cc2nc(-c3ccc(C(=O)NCC4CCN(c5ccc(Br)cn5)CC4)cc3)oc12,0.2644,0.7908,0.0251,0.7984,0.051,0.2889,0.8514,-13.2,3.21
99,Cc1cc(-c2n[nH]c3cc(NC(=O)NCC4(C)CCCO4)ncc23)ccn1,0.5442,0.7895,0.025,0.7983,0.051,0.29,0.8556,-13.192,3.211
100,O=C(O)c1cn(CC2CCCN(c3nccc4occc34)C2)nn1,0.5899,0.7901,0.0249,0.7982,0.0513,0.29,0.8556,-13.128,3.198
101,CC1COCCN1c1nc(N2CCCC(CO)C2)nc2nc(-c3cccc(C(N)=O)c3)ccc12,0.6665,0.792,0.0248,0.7981,0.0513,0.2898,0.8565,-13.131,3.199
102,Cc1cccc2c(=O)[nH]c(-c3cnc(N4CCN(C(=O)C5CC5)CC4)nc3)cc12,0.5751,0.795,0.0246,0.798,0.0514,0.2894,0.8605,-13.082,3.19
103,CCNC(=O)Nc1ccc(-c2nc3c(c(N4CCOCC4C)n2)CN(c2cnccn2)CC3)cc1,0.6326,0.7929,0.0245,0.7979,0.0515,0.2894,0.8604,-13.071,3.19
104,O=C(C1CCOC1)N1CC=C(c2ccc(N=C(O)N3Cc4ccncc4C3)cn2)CC1,0.6454,0.7935,0.0244,0.7979,0.0515,0.2893,0.8585,-13.057,3.187
105,N#CCC1(n2cc(C(=N)O)c(Nc3ccc(F)cc3)n2)CCN(C(=O)OCC2CCOC2)CC1,0.5961,0.7997,0.0243,0.7978,0.0516,0.2891,0.86,-13.045,3.185
106,Cn1cc(-c2ncc3c(c2C(=O)O)CCN(Cc2ccccn2)C3)cn1,0.5681,0.7956,0.0242,0.7978,0.0517,0.2891,0.8591,-13.016,3.18
107,O=C(c1ccncc1F)N1CCc2ncnc(-c3ccncc3)c2CC1,0.3414,0.7963,0.0241,0.7976,0.0517,0.2891,0.8599,-13.011,3.182
108,COc1cc(C(=O)O)cc(-c2nc3nc(N4CCCC(C(=O)N5CCCC5)C4)ccc3[nH]2)n1,0.6146,0.7976,0.0239,0.7975,0.0517,0.2883,0.8592,-13.002,3.183
109,Cc1cc(Nc2nc(Sc3ccc(NC(=O)CN4CCC(C(=O)N5CCC(O)CC5)C4)cc3)nn3cccc23)n[nH]1,0.6245,0.8015,0.0238,0.7974,0.0518,0.2878,0.8593,-12.991,3.182
110,CN(C(=O)c1nccs1)C1CCCN(c2nc(Cl)nc3cc(N4CCOCC4)ccc23)C1,0.4006,0.7995,0.0237,0.7974,0.0518,0.2875,0.8615,-12.978,3.179
111,Cc1ccc(NC(=O)N2CCOC(CO)C2)cc1-c1ccc2cc(NC(=O)C3CC3)ncc2c1,0.6824,0.7999,0.0236,0.7974,0.0518,0.2878,0.8589,-12.97,3.178
112,Cc1nn(-c2ccnc(Nc3ccc4c(c3)c(C(=O)C3CC3)cn4C)n2)cc1CN1CCC(O)C1,0.628,0.8,0.0235,0.7973,0.052,0.2872,0.8594,-12.922,3.169
113,O=C(O)CNc1cc(-c2cc(C(=O)NC3CC3)ccn2)c2cc[nH]c2n1,0.588,0.8006,0.0234,0.7973,0.0521,0.287,0.8603,-12.913,3.167
114,O=C(Nc1ccc(O)c(Cl)c1)C1CCN(CC(=O)N2CCN(c3ccc(-c4cnccn4)cc3)CC2)C1,0.7174,0.7992,0.0233,0.7972,0.0521,0.287,0.8599,-12.913,3.168
115,N#Cc1c[nH]c(C(=O)Nc2ccc(C3CCN(CC(=O)O)CC3)cc2C2=CCCCC2)n1,0.6584,0.8003,0.0232,0.7971,0.0523,0.2861,0.8603,-12.861,3.158
116,O=C(Nc1ccc(CN2CC(C(=O)O)C2)cc1)c1cc(N(CC2CC2)C2CCCCC2)ncn1,0.6965,0.8054,0.0231,0.797,0.0523,0.2855,0.8609,-12.838,3.154
117,Cn1cc(-c2cnc(C3CCN(C(=O)OC4C5CC6CC4CC(C(=N)O)(C6)C5)C3)nc2)ccc1=O,0.6077,0.8089,0.023,0.7968,0.0524,0.2851,0.8619,-12.824,3.157
118,CC(=O)N1CCC(c2cncc(-c3cnc4c(c3)CCCN4C(=N)O)c2)CC1,0.6523,0.8111,0.0229,0.7966,0.0523,0.2848,0.8627,-12.84,3.164
119,Cc1cnc(N2CC3CN(Cc4ccco4)CCCC3(C(=O)O)C2)nc1,0.5767,0.8067,0.0228,0.7966,0.0524,0.2843,0.8631,-12.812,3.158
120,Cc1ccc(Nc2nccc(C3CCN(C(=O)CO)C3)n2)nc1,0.5724,0.8081,0.0227,0.7965,0.0524,0.2843,0.8631,-12.818,3.162
121,O=C(O)Cn1c2c(c3cc(F)ccc31)CC(N(CC1CC1)c1ncc(Cl)cn1)CC2,0.3571,0.8073,0.0226,0.7964,0.0524,0.2842,0.8631,-12.811,3.162
122,CC(=O)N1CCCCC1C(=O)N1CC(O)CC1C(=O)NCc1ccc(-c2scnc2C)cc1,0.6505,0.808,0.0225,0.7964,0.0525,0.2836,0.8652,-12.782,3.156
123,Cc1cn(C2CC(O)C(CNC(=O)Nc3ccc(N4CCCCC4)cc3)O2)c(=O)[nH]c1=O,0.6223,0.8091,0.0225,0.7962,0.0525,0.2833,0.8646,-12.788,3.161
124,CSc1ccc(-c2ccc(C(=O)NCC3CCCO3)c(N3CCC(O)CC3)n2)cc1,0.4498,0.8115,0.0224,0.7959,0.0526,0.2834,0.8645,-12.75,3.16
125,CCc1ccc(NC(=O)C2CCN(S(=O)(=O)c3c(C)nc(O)nc3O)CC2)cc1,0.5983,0.8083,0.0223,0.7958,0.0527,0.2835,0.8641,-12.739,3.159
126,CC(=O)c1ccc(NC(=O)CN2CCN(c3ncccn3)CC2)cc1,0.5211,0.8055,0.0222,0.7953,0.0529,0.2834,0.8645,-12.663,3.151
127,Cn1cc(-c2cc(Oc3ccc(N=C(O)N4CCN(C5CCCCC5)C4=O)nc3)ccn2)cn1,0.6498,0.8057,0.0221,0.7949,0.0533,0.2834,0.864,-12.56,3.135
128,CC(O)=NCC(=O)N1CC(N2CCc3c(-c4cnc(=N)[nH]c4)nc(N4CCOCC4)nc32)C1,0.5624,0.8061,0.022,0.7949,0.0533,0.2832,0.8655,-12.558,3.136
129,CC(=O)Nc1ccc2c(c1)N(c1cc(NC3CC3)n3ncc(C#N)c3n1)CCC2,0.584,0.8051,0.0219,0.7948,0.0536,0.2832,0.8656,-12.499,3.122
130,Cc1cccc(-c2csc(N3CCC4(C(=O)O)CC4C3)n2)c1OCc1cnc2c(c1)CCN(C1CCOCC1)C2,0.5882,0.8055,0.0218,0.7947,0.0536,0.283,0.8679,-12.493,3.122
131,N=c1[nH]ccc2cc(CC(C(=O)O)N3CCC(NS(=O)(=O)c4cnc(N5CCC5)s4)C3=O)c(Cl)cc12,0.5777,0.8062,0.0218,0.7947,0.0537,0.2829,0.8676,-12.47,3.118
132,O=C(COC(=O)c1cnc(O)nc1O)Nc1cccc(S(=O)(=O)N2CCCCC2)c1,0.5809,0.8075,0.0217,0.7947,0.0538,0.2828,0.8672,-12.445,3.112
133,CC(=O)N1CCC(n2cc(-c3cnc(N)c4oc(-c5cccc(O)c5)cc34)cn2)CC1,0.6231,0.8077,0.0216,0.7941,0.0544,0.2828,0.867,-12.303,3.089
134,Cc1cc(C)n2ncc(C(=O)NC3CCC(NC(=O)c4cc(F)cnc4Oc4cccc(-c5ccc(O)cc5CN5CCOCC5)c4)CC3)c2n1,0.4949,0.8082,0.0215,0.7941,0.0544,0.2826,0.8685,-12.288,3.086
135,COCCNC(=O)c1c(O)c2ncc(Cc3ccc(F)cc3)cc2n(CC(=O)N2CCCCC2)c1=O,0.6166,0.8066,0.0214,0.794,0.0545,0.2826,0.869,-12.284,3.086
136,CC(=O)N1CCC(C(O)=Nc2cnc(Nc3ccc(OC(C)C)c(F)c3)n(Cc3ccc(Cl)cc3)c2=O)CC1,0.423,0.8072,0.0214,0.7939,0.0545,0.2827,0.8676,-12.27,3.086
137,O=C(Nc1ncc(-c2cn(CCO)nn2)s1)C(CC1CCOCC1)c1ccc(S(=O)(=O)C2CC2)cc1,0.6246,0.8075,0.0213,0.7935,0.0546,0.2828,0.8655,-12.238,3.087
138,O=C(NCc1ccc(S(=O)(=O)N2CCC(N3CCCC3)CC2)cn1)c1cc2ccncc2o1,0.6246,0.8098,0.0212,0.7934,0.0547,0.2828,0.8653,-12.227,3.085
139,Cc1cc(-n2cnnn2)ncc1CC(=O)N1CCN2CC(c3ccc4c(c3)CCOC4=O)OCC2C1,0.6544,0.809,0.0211,0.7933,0.0547,0.2827,0.8659,-12.211,3.084
140,N#Cc1ccc(-c2n[nH]c3c2Cc2ccc(NC(=O)CCN4CCOCC4)cc2-3)cn1,0.6229,0.8103,0.0211,0.7933,0.0548,0.2825,0.8677,-12.194,3.081
141,O=C(Nc1csc(-c2nncn2C2CC2)n1)c1cc(-n2cnc(C3CC3)c2)c(N2CCOCC2)cn1,0.6012,0.8081,0.021,0.7933,0.0548,0.2825,0.868,-12.188,3.08
142,O=C(c1nc2ccccc2[nH]1)N1CC(c2nccnc2N2CCC(CCO)CC2)C1,0.6197,0.8088,0.0209,0.7932,0.0549,0.2824,0.8679,-12.181,3.078
143,CC1CN(c2ccc(-c3cc4ncn(C)c(=O)c4c(N4CCC(CO)C4)n3)cc2)CCO1,0.6117,0.8099,0.0208,0.7931,0.0549,0.2824,0.8693,-12.161,3.077
144,CCC1CN(c2ncc(C(=O)NCC(C)O)nc2Cl)CCN1C1CCN(C(=O)c2ccc(Cl)nc2N)CC1,0.596,0.8102,0.0208,0.793,0.055,0.2823,0.8704,-12.142,3.073
145,O=C(CCc1ccc(Nc2nccc(Nc3cc(C4CC4)n[nH]3)n2)cc1)NCCN1CCOCC1,0.6204,0.8089,0.0207,0.793,0.055,0.2821,0.8706,-12.137,3.072
146,Cc1ccc(-n2nc(C3CCN(C4CN(S(C)(=O)=O)C4)CC3)cc2N=C(O)c2cnn3cccnc23)cc1,0.6467,0.8098,0.0206,0.793,0.0551,0.2821,0.8693,-12.123,3.07
147,CNC(=O)C1CCCN(c2ccc(Nc3ncc(C(N)=O)c(NC4CC4)n3)cc2)C1,0.598,0.8123,0.0205,0.7928,0.0555,0.282,0.8703,-12.039,3.052
148,Cc1cc(C2CCC2)c(C(=O)O)cc1C(=O)N1CCC(c2ccc(C#N)cc2)CC1,0.4912,0.8115,0.0205,0.7928,0.0555,0.282,0.8702,-12.028,3.05
149,CN1CCN(c2ccc(NC(=O)Nc3ccc(-c4nc(N5C(CO)CCC5CO)nc(N5C6CCC5COC6)n4)cc3)cc2)CC1,0.6257,0.8098,0.0204,0.7926,0.0557,0.2823,0.869,-11.986,3.043
150,O=C(Nc1ccc(N2CCC(C(O)=NCC3CCOCC3)CC2)cc1)N1Cc2ccncc2C1,0.6587,0.8122,0.0203,0.7926,0.0558,0.2822,0.8684,-11.968,3.039
151,COC(=O)Nc1ccc(-c2cnc(C3CC(N4CCN(S(C)(=O)=O)CC4)CN3C(=O)C3CCN(C(=N)N)CC3)[nH]2)cc1,0.6227,0.8118,0.0203,0.7925,0.0559,0.2821,0.8711,-11.945,3.035
152,O=C(NCC(NS(=O)(=O)c1ccccc1)C(=O)O)c1cnc(N2CCN(C3CCNCC3)CC2)s1,0.576,0.8136,0.0202,0.7925,0.0559,0.282,0.8712,-11.944,3.035
153,O=C(Nc1ccccn1)c1cc2nc(-c3ccc(NC(=O)C45CC6CC(CC(C6)C4)C5)cc3)[nH]c2cn1,0.4332,0.8131,0.0201,0.7923,0.0558,0.282,0.8722,-11.948,3.041
154,O=c1c(CO)cc2cnc(Nc3ccc(N4CCNCC4)cc3)nc2n1C1CCCC1,0.6675,0.8131,0.0201,0.792,0.0559,0.2821,0.8722,-11.927,3.042
155,N=C1N(C2CCCCC2)CCN1S(=O)(=O)c1ccc(CCNC(=O)c2cnccn2)cc1,0.6309,0.813,0.02,0.7919,0.056,0.2821,0.8716,-11.899,3.037
156,COc1ccc(S(=O)(=O)N2CC(C(=O)N3CCN(c4ccncc4)CC3)C2)cn1,0.6212,0.8155,0.02,0.7918,0.0562,0.282,0.8713,-11.863,3.031
157,O=C(Nc1ccc2scnc2c1)N1CCN(C2CCCCC2O)CC1,0.3104,0.8142,0.0199,0.7916,0.0564,0.282,0.8716,-11.824,3.025
158,CN1CCN(c2ccc(CNc3ncc4c(n3)-c3c(c(C(N)=O)cn3C)CC4)cc2)CC1,0.5795,0.8168,0.0198,0.7915,0.0564,0.2821,0.872,-11.822,3.026
159,Cc1cc(S(=O)(=O)N2CCOCC2)cnc1-c1ccc2c(c1)CCC(C)N2C(=O)c1ccc(O)cc1O,0.6771,0.8146,0.0198,0.7914,0.0565,0.2821,0.872,-11.8,3.022
160,NC(=O)c1cc(-c2cnc(Nc3ccc(N4CCOCC4)cc3)c3nccn23)co1,0.5917,0.8165,0.0197,0.7912,0.0567,0.2819,0.8735,-11.759,3.016
161,O=S(=O)(c1ccc(CN=C(O)N2Cc3ccncc3C2)nc1)c1ccc(N2CCOCC2)nc1,0.6143,0.8166,0.0196,0.7912,0.0568,0.2819,0.8736,-11.734,3.011
162,COc1ccc(-n2ncc3c(=O)n(CC(=O)Nc4ccc(S(=O)(=O)N5CCOCC5)cc4)cnc32)cc1,0.599,0.817,0.0196,0.7912,0.0568,0.2819,0.8732,-11.728,3.01
163,Cn1cc(Nc2nccc(-c3ccc(N4CCC(C(N)=O)CC4)c(C#N)c3)n2)cn1,0.599,0.8167,0.0195,0.7904,0.0572,0.2819,0.8729,-11.633,3.002
164,O=C(O)CN1CCC(c2c(C=Cc3ccc4ccccc4n3)nc3c(N4CCOCC4)ccnn23)CC1,0.6884,0.8117,0.0195,0.7904,0.0573,0.282,0.872,-11.621,3.0
165,O=C(Cc1nc(N2CCOCC2)cc(=O)[nH]1)N1CCc2c(-c3cccnc3)cccc21,0.6385,0.8148,0.0194,0.7903,0.0573,0.2819,0.8737,-11.605,2.998
166,O=C(O)c1nccnc1C(=O)Nc1ccccc1N1CCOCC1,0.6167,0.816,0.0193,0.7902,0.0574,0.2818,0.876,-11.585,2.994
167,CN(C)C(=O)N1CC=C(c2cc3c(-c4cccc(N5CCc6cc(C7CC7)ccc6C5=O)c4CO)ncnc3[nH]2)CC1,0.5515,0.815,0.0193,0.79,0.0575,0.2818,0.8761,-11.557,2.992
168,O=C(NCCN1CCOCC1)c1cnn2ccc(N3CCCC3c3cc(F)ccc3CO)nc12,0.6607,0.814,0.0192,0.7899,0.0576,0.2818,0.876,-11.55,2.991
169,COC1CCN(c2nc3ccc(NC(=O)c4c(C(=O)N5CCOCC5)cnn4C)cn3n2)C1,0.5862,0.8167,0.0192,0.7899,0.0576,0.2819,0.8781,-11.534,2.988
170,COc1cc(-c2ccc3ncc(C(=O)C4CC4)c(N4CCC(CN5CCOCC5)CC4)c3c2)cc(Cl)c1O,0.3389,0.8162,0.0191,0.7899,0.0577,0.2819,0.8786,-11.532,2.987
171,Cn1c(=O)n(Cc2ccccc2C#N)c2c(N3CCCC(N)C3)cc(C(=O)O)nc21,0.6073,0.8181,0.0191,0.7898,0.0577,0.2825,0.8741,-11.523,2.986
172,C=C(C)C(=O)N1CCC(CN(C2Cc3cc(C#N)ccc3N(Cc3cncn3C)C2)S(=O)(=O)c2ccccn2)CC1,0.6512,0.8141,0.019,0.7897,0.0577,0.2824,0.8738,-11.51,2.987
173,O=C(CN1CCCC1)N1CCCC1c1nc(O)cc(-c2ccccn2)n1,0.5956,0.8139,0.019,0.7896,0.0579,0.2823,0.8732,-11.482,2.98
174,O=C(CNC(=O)c1ccccn1)NC12CCC(=O)C3Oc4c(O)ccc5c4C31CCN(CC1CC1)C2C5,0.6459,0.8135,0.0189,0.7895,0.0579,0.2822,0.8736,-11.478,2.982
175,CC12c3[nH]c4ccccc4c3CCN1C(=O)C(CC(=O)NCCc1ccccn1)CC2C(=O)N1CCOCC1,0.6498,0.8199,0.0188,0.7893,0.058,0.2822,0.8727,-11.453,2.979
176,O=C(CCC1OC(n2ccc(=O)[nH]c2=O)C(O)C1O)N1CCN(c2ccccn2)CC1,0.6502,0.8208,0.0188,0.7891,0.0581,0.282,0.8745,-11.435,2.98
177,O=C(O)c1ccc(O)c2ncc(N3CCCCC3CCc3ccccn3)cc12,0.6968,0.8213,0.0187,0.7889,0.0581,0.2819,0.8734,-11.423,2.98
178,O=C(Cc1cc2ccccc2[nH]1)N1CCC(Nc2ncc(C(O)=NO)cn2)(c2ccccc2)CC1,0.709,0.8231,0.0187,0.7888,0.0581,0.2819,0.8726,-11.423,2.981
179,O=C(NCc1cccc(N2CCN(C(=O)Cc3nnn[nH]3)CC2)c1)c1nc2ccccc2c(=O)[nH]1,0.5831,0.8253,0.0186,0.7882,0.058,0.2815,0.8735,-11.435,2.999
180,O=C(Nc1cc(-c2cccnc2)cn(CC(F)(F)F)c1=O)N1CCC(n2c(=O)[nH]c3ncccc32)CC1,0.6279,0.8237,0.0186,0.788,0.0581,0.2815,0.8736,-11.417,2.999
181,CC1(NC(=O)c2cc(CN3CCC(C#N)(c4ccccn4)CC3)c3ccccn3c2=O)CCCCC1O,0.6856,0.8237,0.0185,0.7879,0.0581,0.2836,0.8754,-11.406,2.997
182,Cc1cc(CC(CC(=O)N2CCC(N3Cc4ccccc4NC3=O)CC2)c2ccc(CO)cn2)cc2cn[nH]c12,0.6764,0.8243,0.0185,0.7879,0.0581,0.2832,0.8759,-11.403,2.998
183,Cc1nc2cccnc2n1-c1ccc(CC(NC2=C(Br)C(=O)C23CCCCC3)C(=O)O)cc1,0.6397,0.8262,0.0184,0.7878,0.0582,0.2828,0.8804,-11.397,2.997
184,O=C(NC(Cc1c[nH]c2ccccc12)C(=O)O)c1cnn2c(C3CCCCC3)c(-c3ccc(F)cc3)cnc12,0.449,0.8267,0.0184,0.7878,0.0582,0.2827,0.8808,-11.397,2.998
185,O=C(CN1CCCC1=O)N1CCC(O)(Cn2ccc3ccncc32)CC1,0.505,0.8289,0.0183,0.7872,0.0583,0.2826,0.8824,-11.356,3.0
186,Cc1ccc(C(=O)C2=C(O)C(=O)N(CCN3CCOCC3)C2c2ccccn2)o1,0.6796,0.827,0.0183,0.7872,0.0583,0.2827,0.8814,-11.353,3.0
187,O=C(O)c1cc(S(=O)(=O)N2CCOCC2)c(Sc2ccccn2)cc1Sc1ccccn1,0.6212,0.8294,0.0182,0.787,0.0585,0.2828,0.883,-11.322,2.995
188,Cc1ccc(C(C(=O)N2CCOCC2)N2C(=O)C(C3Cc4ccccc4C3)NC(=O)C2CC(C)(C)C)cn1,0.6181,0.8288,0.0182,0.7869,0.0585,0.2829,0.8826,-11.318,2.995
189,O=C(CSc1nc(O)c2cnn(-c3ccccc3)c2n1)N1CCOCC1,0.576,0.8307,0.0181,0.7869,0.0585,0.2831,0.8841,-11.317,2.997
190,CCN1CCC2(CCN(C(=O)c3cc4cc(Nc5nccc(-c6ccccn6)n5)ccc4[nH]3)C2)C1,0.6288,0.8277,0.0181,0.7866,0.0586,0.2831,0.8841,-11.283,2.994
191,N#CCC1(n2cc(C(=N)O)c(=Nc3ccnc(F)c3)[nH]2)CCN(Cc2ccc(O)nc2)CC1,0.6238,0.8266,0.018,0.7865,0.0587,0.283,0.8834,-11.272,2.992
192,Cc1c(C(=O)NCC2(N3CCCCC3)CCCC2)cnn1-c1nccc(-c2ccccc2F)n1,0.4323,0.8273,0.018,0.7865,0.0588,0.2832,0.883,-11.252,2.987
193,CC(=NN=C(O)CN1CCOCC1)c1cnc2nnn(Cc3ccc4ncccc4c3)c2n1,0.5754,0.8276,0.0179,0.7864,0.0588,0.2828,0.8834,-11.246,2.987
194,O=C(Cn1cc(-c2c(-c3ccccc3)oc3cc(O)c(C(=O)O)cc23)nn1)Nc1ccc(N2CCOCC2)cc1,0.6015,0.827,0.0179,0.7864,0.0588,0.2828,0.8834,-11.24,2.986
195,Cc1cn(CC(CC(=O)O)NC(=O)OCc2ccccc2)c(=O)nc1N1CCC(CNc2ncccn2)CC1,0.6081,0.8273,0.0179,0.786,0.0589,0.2828,0.8832,-11.225,2.99
196,Cc1ncccc1C(C#N)N1CCN(C(=O)CC(NC(=O)c2ncccc2O)c2ccccc2)CC1,0.7145,0.827,0.0178,0.7854,0.0587,0.2827,0.8827,-11.242,3.008
197,CCC(N=C(O)c1cc(C(=O)N2CCN(c3ccccn3)CC2C)n2c1COCC2)c1ccccc1,0.6071,0.8335,0.0178,0.7851,0.0588,0.2823,0.8844,-11.223,3.01
198,O=C(Cc1ccccn1)N1CCN(C(=O)c2cccc3[nH]ncc23)CC1,0.5779,0.8292,0.0177,0.785,0.0589,0.2823,0.8838,-11.198,3.005
199,COc1cnc2ccc(=O)n(CCN3CCC(NC(=O)c4cnc(C)c(C#N)c4)CC3)c2c1,0.6651,0.8279,0.0177,0.7849,0.059,0.2823,0.8838,-11.183,3.003
