Trial,Iteration,Selected SMILES,True f,UCB+nov,eta_t,novelty_mean,novelty_std,ucb_low,ucb_high,novz_low,novz_high
1,0,FC(Cl)(Cl)Cl,0.0,2.155,0.5,0.8195,0.0466,0.3145,0.6719,-13.657,3.67
1,1,C=C=C,0.0,1.886,0.4268,0.8194,0.0465,0.2723,0.6719,-13.667,3.674
1,2,[O-][Cl+]O,0.0,1.728,0.3943,0.8194,0.0465,0.2723,0.672,-13.67,3.556
1,3,S=C(S)[N-]C[N-]C(=S)S,0.000235,1.623,0.375,0.8194,0.0465,0.2723,0.672,-13.672,3.418
1,4,OCC1OC(O)C(O)C(CCCCCCCCCCCCCCCCCCCCC2C(O)C(O)OC(CO)C2O)C1O,0.4304,1.511,0.3618,0.8194,0.0465,0.2723,0.6719,-13.676,3.243
1,5,C[Si]1(C)N[Si](C)(C)N[Si](C)(C)N1,0.001055,1.484,0.3521,0.8184,0.046,0.2722,0.67,-13.815,3.243
1,6,NCC(N)CSP(=O)(O)O,0.2476,1.454,0.3445,0.8184,0.0459,0.2722,0.6699,-13.821,3.22
1,7,O=S(=O)(O)C(F)(F)C(F)(F)C(F)(F)C(F)(F)C(F)(F)C(F)(F)C(F)(F)C(F)(F)F,0.02078,1.425,0.3384,0.8182,0.0457,0.2722,0.6703,-13.885,3.239
1,8,CN(CCBr)CCBr,1.061e-06,1.404,0.3333,0.8181,0.0458,0.2454,0.6701,-13.86,3.105
1,9,S=C1NCCN1,0.0001245,1.363,0.3291,0.8181,0.0457,0.2453,0.6694,-13.878,3.104
1,10,c1nc[nH]n1,0.002791,1.344,0.3254,0.818,0.0457,0.2453,0.6693,-13.887,3.107
1,11,N#CCNCC#N,0.02962,1.327,0.3222,0.818,0.0457,0.2453,0.6692,-13.897,3.06
1,12,CC(=O)NC(=N)N,0.1628,1.314,0.3193,0.818,0.0456,0.2453,0.6692,-13.905,3.062
1,13,C=CC(O)C#CC#CC(O)C(C)O,0.05444,1.302,0.3168,0.8179,0.0455,0.2448,0.6697,-13.945,3.074
1,14,O=CC=O,0.0007694,1.295,0.3145,0.8179,0.0455,0.2447,0.6697,-13.943,3.074
1,15,ClC1(Cl)C2(Cl)C3(Cl)C4(Cl)C(Cl)(Cl)C5(Cl)C3(Cl)C1(Cl)C5(Cl)C24Cl,0.0,1.275,0.3125,0.8179,0.0455,0.2454,0.6698,-13.946,3.075
1,16,C#CCOc1nc(OCC#C)nc(OCC#C)n1,0.1006,1.268,0.3106,0.8179,0.0455,0.2454,0.6698,-13.947,2.919
1,17,CCC=CCC=CCC=CCC=CCC=CCC=CCCC(=O)NCCO,0.02711,1.257,0.3089,0.8178,0.0454,0.2454,0.6696,-13.958,2.886
1,18,[N-]=[N+]=NCC1=CC=C(CCl)SS1,0.01761,1.242,0.3074,0.8176,0.0457,0.2336,0.6698,-13.876,2.874
1,19,CCC1OC1C,7.915e-06,1.213,0.3059,0.8176,0.0457,0.2335,0.6697,-13.881,2.873
1,20,C1CCC2(CC1)OOC1(CCCCC1)OOC1(CCCCC1)OO2,0.04223,1.206,0.3046,0.8176,0.0456,0.233,0.6693,-13.897,2.877
1,21,CN1C=C(Br)N(O)N1,0.002487,1.204,0.3033,0.8175,0.0455,0.233,0.6694,-13.929,2.806
1,22,Clc1nc2c(I)c(I)c(I)c(I)c2[nH]1,0.000338,1.192,0.3021,0.8175,0.0455,0.2332,0.6692,-13.937,2.808
1,23,OCC1(CO)CC2(C1)CC(CO)(CO)C2,0.3183,1.184,0.301,0.8174,0.0454,0.2332,0.6686,-13.954,2.724
1,24,NC(=O)C1CCCN1C(=O)CC1(O)C2C3CC4C5C3C1C5C(O)(CC(=O)N1CCCC1C(N)=O)C42,0.5004,1.178,0.3,0.8174,0.0454,0.2326,0.6679,-13.962,2.726
1,25,O=S1(=O)OCCOS(=O)(=O)C1(F)Br,0.2077,1.187,0.299,0.8173,0.0453,0.2372,0.6726,-13.999,2.737
1,26,CCCc1cn(C2OC(CO[Si](C)(C)C(C)(C)C)C3(OS(=O)(=O)C=C3N)C2O[Si](C)(C)C(C)(C)C)nn1,0.4066,1.185,0.2981,0.8173,0.0453,0.2374,0.6755,-13.999,2.737
1,27,[N-]=[N+]=NCC1OC(OS(=O)(=O)O)C(OS(=O)(=O)O)C(OS(=O)(=O)O)C1OS(=O)(=O)O,0.2422,1.19,0.2972,0.8171,0.0453,0.241,0.6754,-14.001,2.742
1,28,Nc1ncnc2c1ncn2CCOCP(=O)(O)OCCOCCOCCOCCOCCOCCO,0.4773,1.191,0.2964,0.8171,0.0452,0.2383,0.6777,-14.005,2.743
1,29,O=NN1CC=CC1,0.001052,1.178,0.2956,0.8168,0.0451,0.2373,0.6763,-14.046,2.758
1,30,CNP1(NC)=NP(NC)(NC)=NP(NC)(N2CC2)=N1,0.1819,1.163,0.2949,0.8168,0.0451,0.2376,0.6763,-14.047,2.758
1,31,NN=C1C(=NO)CCc2nonc21,0.3065,1.16,0.2942,0.8168,0.0451,0.2377,0.6767,-14.041,2.757
1,32,N=C(NN=Cc1c(F)c(F)c(F)c(F)c1F)NN=Cc1c(F)c(F)c(F)c(F)c1F,0.1967,1.163,0.2935,0.8168,0.0451,0.237,0.6781,-14.053,2.761
1,33,O=C(O)Cn1cnnn1,0.2286,1.159,0.2929,0.8167,0.045,0.2395,0.6791,-14.058,2.763
1,34,O=c1[nH]c(=O)n(COC(CO)CO)cc1F,0.4327,1.156,0.2923,0.8167,0.045,0.2391,0.6789,-14.074,2.767
1,35,CN(C)C(=NO)C(=NO)N(C)C,0.1536,1.156,0.2917,0.8164,0.0449,0.237,0.6807,-14.106,2.781
1,36,ClC=CC[N+]12CN3CN(CN(C3)C1)C2,8.467e-06,1.155,0.2911,0.8164,0.0448,0.2368,0.6815,-14.114,2.783
1,37,CC(=Cc1cc(F)c(OCCCF)cc1F)C(=O)NC1C(O)C(O)C2OCOC2C1OCCCF,0.5843,1.15,0.2906,0.8164,0.0448,0.2367,0.6817,-14.115,2.783
1,38,OC1C=CSC1O,0.004643,1.155,0.29,0.8163,0.0447,0.2386,0.6829,-14.143,2.791
1,39,CC1(C)OCC(C2OC3OC(C)(C)OC3C2OC(=S)SSC(=S)OC2C(C3COC(C)(C)O3)OC3OC(C)(C)OC32)O1,0.3237,1.148,0.2895,0.8163,0.0447,0.2389,0.6832,-14.146,2.649
1,40,CO[Si](CCCNCCC[Si](OC)(OC)OC)(OC)OC,0.1466,1.15,0.289,0.8162,0.0447,0.2394,0.6831,-14.159,2.653
1,41,O=C1NC(=O)C2C3C=CC(C12)C1C2C(=O)NC(=O)C2C31,0.407,1.145,0.2886,0.8162,0.0447,0.2394,0.6831,-14.169,2.623
1,42,CC(C)CC1c2c(O)c(C=O)c(O)c(C=O)c2OC(c2c(O)c(C=O)c(O)c(C=O)c2O)C1C(C)C,0.5022,1.146,0.2881,0.8162,0.0446,0.2382,0.6878,-14.177,2.625
1,43,CC(C)COc1ncnc2[nH]cc(C=CC(=N)O)c12,0.4838,1.148,0.2877,0.8161,0.0446,0.2361,0.6933,-14.199,2.631
1,44,CC1(COC=O)C(C(=O)O)N2C(=O)C(=CC(=O)O)C2S1(=O)=O,0.4648,1.157,0.2873,0.816,0.0444,0.2359,0.6963,-14.241,2.642
1,45,C=CCn1c(S)nnc1CCC(O)CCCCC,0.03828,1.159,0.2869,0.8159,0.0444,0.2347,0.6975,-14.256,2.647
1,46,O=P1(N(CCCl)CCCl)NC(SCCS(=O)(=O)O)CCO1,0.4205,1.147,0.2865,0.8158,0.0442,0.2349,0.6994,-14.3,2.659
1,47,O=C(CS)OCCOC(=O)CS,0.03085,1.149,0.2861,0.8157,0.0442,0.228,0.7052,-14.305,2.661
1,48,C#CC(CC)ON=C1CCN(C)CC1,0.0003156,1.144,0.2857,0.8157,0.0442,0.229,0.7063,-14.315,2.664
1,49,Nc1nc(C(=NOCCSc2nnc(-c3cc(O)c(O)cn3)o2)C(=O)NC2C(=O)N3C(C(=O)O)=C(CSc4cnns4)CSC23)cs1,0.5061,1.143,0.2854,0.8156,0.0441,0.2285,0.7052,-14.33,2.668
1,50,Nc1nc(N)nc(NCCCNC2CCCCC2NCCCNc2nc(N)nc(N)n2)n1,0.4515,1.143,0.285,0.8155,0.0442,0.2278,0.7089,-14.312,2.668
1,51,Nc1nc2c(c(=O)[nH]1)NC1C(N2)OC2COP(=O)(O)OC2C1(O)O,0.3815,1.146,0.2847,0.8155,0.0441,0.2285,0.7091,-14.324,2.671
1,52,CSc1nnc2n(C)c3c(=O)n(C)c(=O)n(C)c3n12,0.2448,1.148,0.2843,0.8154,0.0441,0.2277,0.71,-14.334,2.674
1,53,CC(C)CC1NC(=O)C(CCCNC(=N)N)NC(=O)C(CCCC[N+](C)(C)C)NC(=O)C(CC(=O)O)NC(=O)C(CCCCN)NC(=O)CCNC1=O,0.4551,1.15,0.284,0.8152,0.044,0.2272,0.7108,-14.349,2.682
1,54,C=C(C)C(Cc1c(OC(C)=O)c(Cc2c(OC)c(C)c(OC(C)=O)c(C(C)=O)c2OC(C)=O)c(OC(C)=O)c(C(C)=O)c1OC(C)=O)OC(C)=O,0.3407,1.142,0.2837,0.8151,0.0441,0.2271,0.715,-14.326,2.682
1,55,NC(=S)Nc1c(S(N)(=O)=O)cc(S(N)(=O)=O)c(Cl)c1Cl,0.2789,1.138,0.2834,0.815,0.0441,0.2269,0.7159,-14.326,2.684
1,56,COC1(OC)C2(Cl)C(Cl)=C(Cl)C1(Cl)C1C=CC=CC12,8.121e-05,1.137,0.2831,0.8149,0.044,0.2258,0.718,-14.352,2.692
1,57,C=C1CC(CC=C(C)CC2CC(=C)C(=O)O2)OC1=O,0.044,1.134,0.2828,0.8149,0.044,0.2254,0.717,-14.354,2.693
1,58,OC1=NC(=Cc2cnn3c(=NC4CC4)[nH]c(=NCCC(F)(F)F)[nH]c23)C(O)=N1,0.4964,1.126,0.2825,0.8148,0.0439,0.226,0.7166,-14.37,2.697
1,59,Oc1coccc1=S,0.001555,1.12,0.2823,0.8146,0.0443,0.2301,0.7171,-14.238,2.678
1,60,CC1(C#N)C(O)C(COP(=O)(O)OP(=O)(O)OP(=O)(O)O)OC1(C#N)c1cnc2c(=N)nc[nH]n12,0.4148,1.117,0.282,0.8146,0.0443,0.2304,0.7169,-14.261,2.684
1,61,CC(=O)NC1C(NC(CC2=CCCCC2)=NS(C)(=O)=O)C=C(C(=O)O)OC1C(O)C(O)CO,0.5367,1.116,0.2818,0.8145,0.0443,0.2298,0.7246,-14.251,2.685
1,62,Cc1nc2nc3c(c(O)n2n1)n(CCN1CCCCC1)c(=O)n3C1OC(CO)C(O)C1O,0.5358,1.122,0.2815,0.8143,0.0442,0.2271,0.7373,-14.257,2.689
1,63,N#CCCn1cnc2c(Br)c(Br)c(Br)c(Br)c21,0.006125,1.126,0.2812,0.8139,0.044,0.227,0.7519,-14.317,2.712
1,64,COP1OCC2CCCC2O1,0.0004816,1.123,0.281,0.8138,0.044,0.2267,0.7478,-14.314,2.713
1,65,NCCC1CN=CN1,0.02108,1.116,0.2808,0.8138,0.044,0.2263,0.7481,-14.324,2.716
1,66,ClC1C(Cl)C(Cl)C(Cl)C(Cl)C1Cl,0.0,1.114,0.2805,0.8138,0.044,0.226,0.7476,-14.326,2.716
1,67,CC1(C)CN1P(=O)(NC(=O)OCCN=C1C(O)=C(Cl)C(=NCCOC(=O)NP(=O)(N2CC2(C)C)N2CC2(C)C)C(O)=C1Cl)N1CC1(C)C,0.3631,1.112,0.2803,0.8138,0.044,0.2259,0.7471,-14.327,2.717
1,68,COC1=CC(C)=CC(C)C(O)C(C)CC(C)=CC=CC(OC)C(C(C)C(O)C(C)C2(OC)CC(OC)C(C)C(C(C)C)O2)OC1=O,0.265,1.109,0.2801,0.8138,0.044,0.2258,0.7476,-14.336,2.719
1,69,O=[N+]([O-])c1cc2cc(-c3nn[nH]n3)c(O)nc2cc1[N+](=O)[O-],0.468,1.108,0.2799,0.8137,0.0439,0.2258,0.7476,-14.345,2.723
1,70,COC12C(COC(N)=O)C3=C(C(=O)C(CSCCO)=C(N)C3=O)N1CC1NC12,0.4882,1.112,0.2797,0.8135,0.0438,0.2237,0.7484,-14.383,2.737
1,71,OCCN(CCO)c1nc(NCc2ccc3c(c2)OCO3)c2nc(N(CCO)CCO)nc(NCc3ccc4c(c3)OCO4)c2n1,0.5359,1.103,0.2795,0.8133,0.0441,0.2234,0.7516,-14.279,2.721
1,72,CC1CN(CC(=O)Nc2nc3cc4nc(NC(=O)CN5CC(C)NCC5C)sc4cc3s2)C(C)CN1,0.5143,1.108,0.2793,0.8131,0.0441,0.2236,0.7604,-14.288,2.728
1,73,c1c2n[nH]c1CNCCN1CCNCc3cc(n[nH]3)CNCCN(CCNC2)CCNCc2cc([nH]n2)CNCC1,0.5255,1.104,0.2791,0.8131,0.044,0.2236,0.766,-14.297,2.731
1,74,NCC(O)c1cc(O)c2c(c1)SCC(C(=O)O)N2,0.4991,1.102,0.2789,0.813,0.044,0.2242,0.7752,-14.299,2.732
1,75,CCC(CNC(=O)NCCCCNC(=O)NCC(CC)C12CC3CC(CC(C3)C1)C2)C12CC3CC(CC(C3)C1)C2,0.1104,1.101,0.2787,0.813,0.044,0.224,0.7743,-14.316,2.737
1,76,C=CC1=C(C)c2cc3[nH]c(cc4nc(cc5[nH]c(cc1n2)c(C)c5CCC(=O)O)C(CCC(=O)O)=C4C)c(C)c3C=C,0.06886,1.101,0.2785,0.8128,0.0439,0.2241,0.77,-14.334,2.745
1,77,COCCCNc1cc(C)nn2cnnc12,0.1335,1.094,0.2783,0.8128,0.0439,0.2251,0.7663,-14.336,2.747
1,78,CCOP(=O)(C=C=C(C)C)OCC,0.002051,1.093,0.2781,0.8126,0.0438,0.2247,0.7643,-14.366,2.756
1,79,O=C1CN2C(=O)CCCCC2N1,0.02691,1.092,0.278,0.8126,0.0438,0.2249,0.765,-14.378,2.76
1,80,CC=CC=CC(=O)OCC1OC2C(Oc3nc(=N)ccn32)C1OC(=O)C=CC=CC,0.5004,1.09,0.2778,0.8125,0.0437,0.2256,0.765,-14.409,2.769
1,81,CC(C)Nc1nc(NC(C)C)nc(SCC(N)=O)n1,0.3395,1.093,0.2776,0.8124,0.0436,0.2255,0.7714,-14.409,2.77
1,82,O=C1Nc2ccc(Cl)cc2C(OCC=C(Cl)Cl)(C(F)(F)F)O1,0.01971,1.093,0.2774,0.8123,0.0436,0.2255,0.7707,-14.424,2.776
1,83,NCC1OC(OC2C(N)CC(N)C(O)C2NCCNC(=O)C2OC(n3ccc(=O)[nH]c3=O)C(O)C2O)C(N)C(O)C1O,0.4839,1.092,0.2773,0.812,0.0434,0.222,0.7717,-14.478,2.794
1,84,NNc1nnc(-c2nnc(NN)o2)o1,0.2097,1.092,0.2771,0.8119,0.0435,0.2219,0.7787,-14.456,2.795
1,85,CN=C(S)n1nccc1N,0.03886,1.087,0.277,0.8118,0.0435,0.222,0.7793,-14.458,2.796
1,86,O=c1sc2c(s1)SSSSS2,3.006e-05,1.087,0.2768,0.8118,0.0434,0.2219,0.7784,-14.465,2.797
1,87,COCC1OC(=O)c2coc3c2C1(C)C1=C(C3=O)C2CCC(=O)C2(C)CC1OC(=O)CN(C)c1ccc([N+](=O)[O-])c2nonc12,0.5604,1.081,0.2767,0.8118,0.0434,0.2221,0.7786,-14.465,2.798
1,88,C=CC1(C)CC(OC(=O)CSC2CCN(C(=O)CCn3cnc4c(N5CCC(NC)C5)ncnc43)CC2)C2(C)C(C)CCC3(CCC(=O)C32)C(C)C1O,0.5467,1.086,0.2765,0.8118,0.0434,0.2223,0.7823,-14.466,2.799
1,89,C=CCSSCC=C,2.996e-07,1.086,0.2764,0.8115,0.0434,0.2221,0.7959,-14.482,2.808
1,90,CN1C2COCC1CC(N=C(O)c1cn(CC(F)F)c3ncc(F)cc13)C2,0.1642,1.084,0.2762,0.8115,0.0434,0.222,0.7962,-14.482,2.809
1,91,CCc1nc2c(o1)C(O)=CC(=NCCN(C)C)C2=O,0.3718,1.082,0.2761,0.8115,0.0433,0.2212,0.7925,-14.487,2.812
1,92,COC(=O)CCc1c2c(c(CC(C)N)c3c1OCC3)OCC2,0.2531,1.086,0.2759,0.8114,0.0433,0.2208,0.792,-14.516,2.82
1,93,CC(C)=CCCC(C)=CCCC(C)=CCCC(C)=CCCC(C)=CCCC(C)=CCCC(C)=CCc1cc(O)ccc1O,1.604e-08,1.084,0.2758,0.8113,0.0432,0.2208,0.792,-14.525,2.823
1,94,ClC(Br)Br,0.0,1.082,0.2756,0.8112,0.0433,0.2207,0.7922,-14.483,2.819
1,95,COc1cc(N2CCc3c(c(O)nc4nc(N)nc(N)c34)C2)cc(OC)c1OC,0.4707,1.08,0.2755,0.8111,0.0433,0.2207,0.7922,-14.484,2.669
1,96,CSCCC(NC(=O)CN(c1nc(Cl)nc2[nH]cnc12)C1CC1)C(=O)O,0.5156,1.084,0.2754,0.8102,0.0432,0.2206,0.7948,-14.506,2.699
1,97,Nc1ccn(C2CCC(COP(=O)(O)OCC3CCC(n4ccc(N)nc4=O)O3)O2)c(=O)n1,0.5112,1.085,0.2753,0.8101,0.0432,0.22,0.8,-14.51,2.702
1,98,COC(=O)C1CSCc2c(O)cc(O)c(C)c2C(=O)OCC(NC(=O)C2C(O)CCN2C(=O)OC(C)(C)C)C(=O)N1,0.5334,1.086,0.2751,0.8101,0.0432,0.2197,0.8034,-14.512,2.704
1,99,COCCOCCON=CC12CC3C(C)CCC3C3(C=O)CC1C=C(C(C)C)C23C(=O)O,0.6163,1.085,0.275,0.81,0.0431,0.2198,0.8053,-14.528,2.71
1,100,CC1=CCC(C(C)(O)CCCC(C)(C)NC(=S)NN)CC1,0.275,1.09,0.2749,0.8099,0.0431,0.2189,0.8054,-14.523,2.711
1,101,CC(C)C#Cc1cnc2c(c1)C(=O)N(C(C)CO)CC(C)C(CN(C)C(=O)c1cnccn1)O2,0.5395,1.09,0.2748,0.8099,0.0431,0.2191,0.8054,-14.532,2.713
1,102,COCc1n[nH]c2c1C(C1C=CCCC1)C(C#N)=C(N)O2,0.4667,1.091,0.2746,0.8097,0.0432,0.2187,0.8126,-14.51,2.714
1,103,CC(=O)CCN1CC2CN=NC2(C#N)C1,0.1981,1.095,0.2745,0.8096,0.0432,0.2195,0.8132,-14.506,2.715
1,104,S=c1[nH]nc(Cc2n[nH]c(=S)s2)s1,0.03581,1.089,0.2744,0.8096,0.0432,0.2195,0.8132,-14.509,2.716
1,105,CC1CN2c3c(cc4c(N5CC(CN=[N+]=[N-])OC5=O)noc4c3F)CC3(C(O)=NC(=O)N=C3O)C2C(C)O1,0.4924,1.089,0.2743,0.8096,0.0432,0.2194,0.8135,-14.511,2.716
1,106,O=C(O)COCC(O)C(O)C=CC=CC#CC=CC(O)COc1ccc(F)cc1,0.5857,1.085,0.2742,0.8096,0.0433,0.2191,0.814,-14.463,2.709
1,107,NC(=O)CC1(O)C=CC(=O)C=C1,0.368,1.09,0.2741,0.8095,0.0433,0.2193,0.8133,-14.473,2.712
1,108,O=C1NCCc2cc(Br)c(O)c(c2)Oc2c(Br)cc(cc2Br)C(O)CNC(=O)C(=NO)Cc2cc(Br)c(O)c(c2)Oc2ccc(cc2Br)CC1=NO,0.0526,1.088,0.2739,0.8095,0.0432,0.218,0.813,-14.477,2.714
1,109,N=C(N)Nc1nc(CSCCNC2=NS(=O)(=O)c3cscc32)cs1,0.437,1.089,0.2738,0.8095,0.0433,0.2186,0.8155,-14.469,2.713
1,110,COC(=O)CSC(=S)Nc1nnc(NC(=S)SCOC(C)=O)n1C(=S)SCC(=O)OC,0.3623,1.087,0.2737,0.8094,0.0432,0.2183,0.8156,-14.473,2.715
1,111,CN(C)N=Nc1ncn(C2CCCO2)c1C(N)=O,0.411,1.086,0.2736,0.8094,0.0432,0.2182,0.817,-14.475,2.715
1,112,COC(=O)NCC=Cc1nc(CCCO)co1,0.4558,1.087,0.2735,0.8094,0.0432,0.2185,0.8214,-14.484,2.718
1,113,CCOCC1CN(S(C)(=O)=O)Cc2cnn(C)c21,0.1382,1.088,0.2734,0.8093,0.0432,0.218,0.8211,-14.49,2.72
1,114,CCCCOC(=O)C(C)NP(=O)(NC(C)C(=O)OCCCC)OCC1OC(n2cnc3c(OC)nc(N)nc32)C(C)(O)C1O,0.4785,1.086,0.2733,0.8093,0.0432,0.2201,0.8171,-14.5,2.724
1,115,O=C(NCCCCCNC(=O)C1=NOC2(C=C(Br)C(=O)C(Br)C2O)C1)C1=NOC2(C=C(Br)C(=O)C(Br)C2O)C1,0.5421,1.083,0.2732,0.8091,0.0433,0.2201,0.817,-15.855,2.718
1,116,COC(CC(C)C(O)C=CC=CCNC(=O)C(C)(C)C(O)C(C)=CC=CC=CC(C)=C(C)[N+](=O)[O-])C1(O)C(C)C(=O)N(C)C12COC2=O,0.6064,1.083,0.2731,0.8091,0.0433,0.2199,0.8208,-15.853,2.718
1,117,CC(C)C1(O)C(OC(=O)c2ccc[nH]2)C2(O)C3(C)CC4(O)OC5(C(O)C(CSC(C)(C)C)CCC35O)C2(O)C41C,0.5021,1.093,0.273,0.8091,0.0433,0.2201,0.8256,-15.856,2.719
1,118,CC(CCn1cc[n+](C)c1C=NO)C(C)(C)[N+](=O)[O-],0.4369,1.09,0.2729,0.8091,0.0433,0.2204,0.8265,-15.846,2.719
1,119,COc1nn(CC(=O)N2N=C(C)CC2(O)C(F)F)cc1[N+](=O)[O-],0.4214,1.097,0.2728,0.809,0.0433,0.22,0.8278,-15.841,2.719
1,120,Cc1c(C=NNC(=O)c2no[n+]([O-])c2C)no[n+]1[O-],0.3573,1.092,0.2727,0.809,0.0433,0.2199,0.8279,-15.846,2.72
1,121,CC1CCC(C(C)C)C(OC(=O)N(CCCCCCc2cn(CCCCCCc3c[nH]c(N)n3)nn2)CCc2ccccn2)C1,0.1325,1.087,0.2726,0.809,0.0433,0.2197,0.8285,-15.841,2.721
1,122,CCC(C)C=C(C)C=CC1=CC2=C(Cl)C(=O)C3(C)OC(=O)C(C(C)=O)=C3C2=CO1,0.2428,1.091,0.2725,0.8088,0.0433,0.219,0.8268,-15.859,2.728
1,123,CC#CC#CC=C1C=CC2(CCCCO2)O1,8.283e-05,1.083,0.2725,0.8088,0.0432,0.2191,0.8266,-15.864,2.73
1,124,CC(C)=CCN1CCN(Cc2cc(CC(C)C)n[nH]2)CC1CCO,0.07935,1.079,0.2724,0.8088,0.0432,0.2188,0.8277,-15.866,2.73
1,125,O=C(O)COCC=C1CC2CC(O)C(C=NNC(=O)Nc3ccc(Cl)c(Cl)c3)C2C1,0.619,1.076,0.2723,0.8087,0.0433,0.2183,0.8271,-15.858,2.731
1,126,OCC1C2COC3C2OC1C3n1cnc2c(Cl)ncnc21,0.3902,1.079,0.2722,0.8085,0.0432,0.2175,0.831,-15.872,2.738
1,127,C[N+]1(C)C2CC(OC(=O)C(O)(c3cccs3)C34OC3C=CS4)CC1C1OC12,0.3002,1.079,0.2721,0.8084,0.0432,0.2175,0.837,-15.857,2.738
1,128,CC(O)C1C(=O)N2C(C(=O)O)=C(SC3CNC(Cc4cn(C)[n+](CCO)c4)C3)C(C)C12,0.5567,1.078,0.272,0.8084,0.0432,0.2175,0.837,-15.856,2.739
1,129,CC(O)(C#Cc1cc2c(cc1F)C1CC(C1)n1c-2nc(C(N)=O)c1-c1nc(C2CC2)n[nH]1)CO,0.5348,1.079,0.2719,0.8083,0.0433,0.2174,0.8374,-15.831,2.736
1,130,C#CCO,0.0,1.078,0.2718,0.8083,0.0433,0.2176,0.8371,-15.829,2.737
1,131,O=C1COc2ccc(CNC34CCC(CC5(O)CN6C(=O)CCc7ncc(F)c5c76)(CC3)OC4)nc2N1,0.58,1.073,0.2718,0.8083,0.0433,0.2178,0.8375,-15.83,2.737
1,132,Oc1cnnc(NN=CC2CC=CCC2)n1,0.4014,1.075,0.2717,0.8082,0.0434,0.2171,0.8358,-15.809,2.735
1,133,Cc1ncc(CO)c(C=NCCCCCCN=Cc2c(CO)cnc(C)c2O)c1O,0.6353,1.077,0.2716,0.8082,0.0434,0.2169,0.8349,-15.81,2.736
1,134,OCc1cc(-c2nc(C(O)C(O)C(O)CO)c[nH]2)no1,0.496,1.079,0.2715,0.8082,0.0433,0.2168,0.833,-15.814,2.737
1,135,C=C1CCOC2(C(O)C(C)(O)CO)NC(=O)C1(NO)NC2=O,0.468,1.08,0.2714,0.8082,0.0434,0.217,0.834,-15.812,2.737
1,136,C=CCN1C(=O)C(Cc2ccc(O)c(O)c2)C(=O)N(CC=C)C1=O,0.5698,1.079,0.2714,0.8082,0.0434,0.2166,0.8332,-15.812,2.737
1,137,CC1C(=O)OC2C(O)C34C5CC(C(C)(C)C)C36C(OC(=O)C6O)OC4(C(=O)O5)C12O,0.4206,1.08,0.2713,0.808,0.0433,0.2157,0.8318,-15.837,2.746
1,138,O=P(O)(O)COc1cccc2c1-c1nc(Cl)sc1C2,0.3931,1.079,0.2712,0.808,0.0433,0.2156,0.8321,-15.844,2.748
1,139,CC1(C)C2CCC(CCOc3ccc(CCC(N)(CO)CO)cc3)C1C2,0.4355,1.08,0.2711,0.8079,0.0432,0.2153,0.8306,-15.871,2.755
1,140,Cc1nc(C(O)=Nc2csc(C34COC(C)CC3CSC(=N)N4)n2)c(C)o1,0.4941,1.082,0.2711,0.8077,0.0431,0.2156,0.83,-15.885,2.763
1,141,CC(=O)Oc1c(C)nc(N=Nc2cc(S(=O)(=O)O)ccc2S(=O)(=O)O)c2c1COP(=O)(O)OC2,0.4637,1.083,0.271,0.8077,0.0432,0.2156,0.8279,-15.847,2.757
1,142,COc1cc(C=CC(=O)OCC2COC(=O)CCCCCCCCCCCCCCCCCCCCCCCCCCCCCO2)ccc1O,2.136e-05,1.08,0.2709,0.8076,0.0432,0.2149,0.8285,-15.849,2.758
1,143,CSC1OC(C(NC(=O)c2ncccc2C)C(C)Cl)C(O)C(O)C1O,0.416,1.074,0.2708,0.8076,0.0433,0.1946,0.8305,-16.246,2.755
1,144,CSC(S)=NCCCC[S+](C)[O-],0.002379,1.074,0.2708,0.8075,0.0433,0.1946,0.8328,-16.241,2.757
1,145,C=C1C(=O)OC2CC(C)C3C=CC(=O)C3(C)C(OC(=O)CNC(=O)C(F)(F)F)C12,0.4737,1.072,0.2707,0.8075,0.0433,0.1947,0.8334,-16.242,2.757
1,146,COCCNc1nc(C)c(-c2nc3c(C)nccc3s2)c(NC2CC(C(C)(C)O)C(O)C2O)n1,0.5008,1.073,0.2706,0.8075,0.0433,0.1946,0.835,-16.244,2.759
1,147,COc1nc(NC(=O)NS(=O)(=O)c2ccoc2COCCF)nc(OC)n1,0.4129,1.073,0.2705,0.8074,0.0433,0.1945,0.8363,-16.218,2.756
1,148,CCCCC1CCCCC(C)C(O)c2cc(O)c(c(O)c2)C(CCCCCl)CCCCC(C)C(O)c2cc(O)c1c(O)c2,0.004634,1.073,0.2705,0.8073,0.0433,0.1945,0.8358,-16.216,2.757
1,149,CN(C)CCNC(=O)c1nc(NC(=O)c2nc(NC(=O)CCNC(=O)c3nc(NC=O)cn3C)cn2C)cn1C,0.4846,1.071,0.2704,0.8073,0.0433,0.1929,0.8393,-16.223,2.759
1,150,C=CCC1NS(=O)(=O)OCC1NC(=O)OCC(Cl)(Cl)Cl,0.3694,1.068,0.2703,0.8073,0.0433,0.1928,0.8399,-16.217,2.76
1,151,CC1SC(=O)NC1C(=O)NCCO[N+](=O)[O-],0.3619,1.069,0.2703,0.8073,0.0433,0.193,0.8402,-16.217,2.76
1,152,C=C(Br)COc1noc2c1CNCC2,0.01638,1.069,0.2702,0.8073,0.0433,0.193,0.8404,-16.219,2.761
1,153,CCC(=O)N1C2C3N(C(=O)CC)C1C1N(C(=O)CC)C(C(N1C(=O)CC)N3C(=O)CC)N2C(=O)CC,0.3534,1.069,0.2701,0.8072,0.0433,0.1929,0.8409,-16.221,2.761
1,154,NC(CCC(=O)O)C(=O)N1CC(O)CC1B(O)O,0.482,1.069,0.2701,0.8072,0.0433,0.1927,0.8414,-16.222,2.761
1,155,C=C(CO)C1OC(O)(C(O)C2CC3OC4(CCC5(CC=CC(C=CCCC(=O)O)O5)O4)C(C)CC3O2)C(C)CC1C,0.5755,1.068,0.27,0.8072,0.0433,0.1926,0.8448,-16.223,2.763
1,156,CC(C)(CO)C(O)C(=O)NCCC(=O)NCCN=[N+]=[N-],0.4441,1.07,0.27,0.8072,0.0433,0.1926,0.8458,-16.226,2.764
1,157,NS(=O)(=O)c1ccc(NC(=O)CN(CCN(CCN(CC(=O)O)CC(=O)O)CC(=O)O)CC(=O)O)c(F)c1,0.5676,1.07,0.2699,0.8071,0.0433,0.1925,0.8478,-16.216,2.763
1,158,CCOC(=O)C(=NNc1c(Br)cc(Br)cc1Br)C(C)=O,0.1727,1.069,0.2698,0.8071,0.0435,0.1926,0.8504,-16.159,2.756
1,159,NC(CCO)C(O)=NCC1CCc2c(sc3ncnc(Nc4ccc5nc(O)sc5c4)c23)C1,0.5954,1.067,0.2698,0.8069,0.0434,0.1924,0.85,-16.183,2.763
1,160,O=C(C1CSC(c2ncccc2O)=N1)N(O)CCOCCOCCN(O)C(=O)C1CSC(c2ncccc2O)=N1,0.6091,1.072,0.2697,0.8068,0.0434,0.1925,0.8539,-16.168,2.764
1,161,COc1cc(F)c(F)c(Nc2ccc(I)cc2F)c1NS(=O)(=O)C1(CC(O)CO)CC1,0.5512,1.071,0.2696,0.8068,0.0434,0.1928,0.8537,-16.169,2.764
1,162,FS(F)(F)(F)(F)F,0.0,1.07,0.2696,0.8066,0.0433,0.1933,0.8522,-16.192,2.773
1,163,CCC(=O)c1c(O)cc(CCCC(=O)Nc2c3sscc-3[nH]c2=O)oc1=O,0.4948,1.07,0.2695,0.8066,0.0433,0.1933,0.8522,-16.193,2.597
1,164,O=C1C=C2SC3CC2(C=C1Br)C1=C(N3)C(=O)c2[nH]cc3ccnc1c23,0.3489,1.069,0.2695,0.8066,0.0433,0.1935,0.8553,-16.191,2.598
1,165,C=C1c2cccc(O)c2C(=O)C2C(=O)C3(O)C(=O)C(C(N)=O)C(=O)C(N(C)C)C3C(O)C12,0.4819,1.069,0.2694,0.8066,0.0433,0.1934,0.8551,-16.198,2.6
1,166,CC(C)CCn1nc(-c2cccs2)c(O)c(C2=NS(=O)(=O)c3cc(-c4cnn[nH]4)ccc3N2)c1=O,0.5292,1.067,0.2693,0.8065,0.0433,0.1934,0.8551,-16.196,2.601
1,167,CC(C)c1csc(CCc2ccn3c(=O)c(C=CC(=O)O)c(N4CCC(O)C4)nc3c2)n1,0.6288,1.07,0.2693,0.8063,0.0434,0.1935,0.8569,-16.171,2.603
1,168,CNCCC#Cc1cc(Cl)c(C2(C)CS(=O)(=O)C3(CCC3)C(=N)N2)s1,0.4327,1.071,0.2692,0.8062,0.0434,0.1939,0.857,-16.17,2.605
1,169,CN(CC=CC#CC(C)(C)C)Cc1ccc(Cl)c2ccsc12,1.255e-06,1.072,0.2692,0.8061,0.0434,0.1939,0.8548,-16.159,2.604
1,170,Cc1cccc(Sc2nc3ncnc(OC4CC(O)C(COS(N)(=O)=O)C4)c3[nH]2)c1,0.5299,1.068,0.2691,0.8061,0.0434,0.1935,0.8578,-16.169,2.608
1,171,CNC(=O)CNC(=O)CCC(=O)NCC(=O)Nc1cccc2c3c([nH]c12)C1Oc2c(O)ccc4c2C12CCN(CC1CC1)C(C4)C2(O)C3,0.6448,1.069,0.2691,0.806,0.0434,0.1938,0.8579,-16.172,2.61
1,172,N#CC1=C(O)NC(O)=C(C#N)C1c1ccc(C2C(C#N)=C(O)NC(O)=C2C#N)cc1,0.4506,1.068,0.269,0.8059,0.0435,0.194,0.862,-16.11,2.604
1,173,O=C(O)CC(NC(=O)CNC(=O)c1cncc(NC2=NCC(O)CN2)c1)c1cc(Cl)cc(I)c1O,0.5471,1.07,0.269,0.8059,0.0435,0.194,0.862,-16.113,2.605
1,174,CC1(CC#CC(O)(C(F)(F)F)C(F)(F)F)CCC(C=CC=C2CC(O)CC(O)C2)C1(C)C,0.1092,1.067,0.2689,0.8058,0.0435,0.194,0.8641,-16.104,2.605
1,175,CCC(N=C(O)C(CCCNC(=N)N)N=C(O)C(C)N=C(C)O)C(=N)O,0.4998,1.064,0.2688,0.8058,0.0435,0.194,0.8641,-16.109,2.606
1,176,COC(=O)C=CC(=O)NCC(N)C(=O)OC(C)C(N)=O,0.4014,1.068,0.2688,0.8057,0.0436,0.1935,0.8675,-16.088,2.603
1,177,NC(=O)CC(N)c1cn(C(CC(N)=O)C(=O)N2CCNCC2)nn1,0.5033,1.064,0.2687,0.8057,0.0436,0.1937,0.8692,-16.077,2.602
1,178,Nc1nc(C#CC(O)C2(O)CCCC2)cn2nc(-c3ccco3)nc12,0.5285,1.063,0.2687,0.8057,0.0436,0.1934,0.877,-16.075,2.603
1,179,NC1=NC(OCc2cncs2)c2[nH]cnc2N1,0.3754,1.064,0.2686,0.8056,0.0436,0.1934,0.8809,-16.073,2.605
1,180,Nc1nc2nc(C(=O)NCc3c[nH]nn3)cnc2c(=O)[nH]1,0.3766,1.065,0.2686,0.8056,0.0436,0.1934,0.8813,-16.075,2.606
1,181,CCc1cc(-c2nc(-c3cc(C)c(OCC(O)CNC(=O)CO)c(CC)c3)no2)cnc1N(CC)CC,0.5891,1.064,0.2685,0.8056,0.0436,0.1934,0.8788,-16.072,2.606
1,182,O=C(NC(CO)C(=O)O)c1nc(NCC(O)CO)c(C(=O)NC(CO)C(=O)O)nc1NCC(O)CO,0.4725,1.065,0.2685,0.8054,0.0437,0.1932,0.8784,-16.024,2.602
1,183,CCCN(CCC)CCNc1n[n+]([O-])c2cc3c(cc2[n+]1[O-])CCC3,0.5245,1.065,0.2684,0.8054,0.0437,0.1932,0.8761,-16.024,2.602
1,184,CCCCC(C(=O)N1CCCC1C(=O)Nc1ccc(F)c[n+]1[O-])N(O)C=O,0.6199,1.07,0.2684,0.8054,0.0437,0.1934,0.8737,-16.021,2.603
1,185,CN(CCCC(O)(P(=O)(O)O)P(=O)(O)O)Cc1no[n+]([O-])c1C(N)=O,0.4714,1.074,0.2683,0.8052,0.0437,0.1937,0.8747,-16.024,2.607
1,186,OB(O)c1cc(Br)cnc1F,0.0366,1.071,0.2683,0.8052,0.0437,0.1937,0.8755,-16.02,2.608
1,187,NC(=NCCCC(N)CNCc1ccncc1)N[N+](=O)[O-],0.5114,1.067,0.2682,0.8052,0.0437,0.1936,0.8773,-16.022,2.608
1,188,Cc1n[nH]c(C(OCC=CBr)C(O)C(O)C(OCC=CBr)C(=O)NC2c3ccccc3CC2O)n1,0.5578,1.068,0.2682,0.8051,0.0437,0.1935,0.8796,-16.025,2.61
1,189,CN(CCOc1no[n+]([O-])c1S(=O)(=O)c1ccccc1)C(=O)CCC(=O)Nc1ccn(C2OC(CO)C(O)C2(F)F)c(=O)n1,0.589,1.068,0.2681,0.8051,0.0437,0.1938,0.8804,-16.011,2.609
1,190,S=C(NNC(=S)NC1CC2C=CC1C2)NC1CC2C=CC1C2,0.02356,1.069,0.2681,0.8049,0.0437,0.1937,0.8828,-16.006,2.613
1,191,Cc1c(C)c(S(=O)(=O)N(CCCN)OCCCN)c(C)c2c1OC(C)(C)C2,0.4777,1.068,0.268,0.8049,0.0437,0.1938,0.8839,-16.007,2.613
1,192,O=[N+]([O-])c1cnc(N(CCO)CCO)s1,0.4455,1.07,0.268,0.8049,0.0437,0.1935,0.8832,-16.009,2.614
1,193,CC(=O)NCC(=O)N1CCC2(COCc3c(C)nc(N(C)C)nc32)C1,0.4885,1.069,0.2679,0.8048,0.0437,0.1933,0.8832,-16.008,2.615
1,194,CC(=O)OCC1OC(OCCC(C)C)C=C(C(O)c2ccc([N+](=O)[O-])cc2)C1=O,0.6148,1.069,0.2679,0.8048,0.0437,0.1933,0.8833,-16.019,2.618
1,195,Cc1ccc(S(=O)(=O)N2CC3N(C(=O)OC(C)C)N(C(=O)OC(C)C)CC(OC(=O)Nc4c(C)noc4C)C3(O)C2)cc1,0.5401,1.072,0.2679,0.8045,0.0437,0.1938,0.8846,-16.019,2.626
1,196,COc1cccc2c1NC(=O)C(N=C(O)C(CCC(F)(F)F)C(CCC(F)(F)F)C(=N)O)N=C2c1ccc(C(F)(F)F)cn1,0.179,1.071,0.2678,0.8043,0.0437,0.1938,0.885,-16.013,2.629
1,197,CCN(CC)S(=O)(=O)OCC12OCC3OS(=O)(=O)OC3C1OC(C)(C)O2,0.3603,1.071,0.2678,0.8041,0.0436,0.1933,0.884,-16.04,2.64
1,198,O=C(NCCO)C1C(C(=O)Nc2ncc(Br)s2)C2CCC1C21CC1,0.5239,1.068,0.2677,0.8041,0.0437,0.1932,0.884,-16.019,2.637
1,199,CCc1cc2c(cc1OS(N)(=O)=O)CCC1C2CCC2(C)C(C(C#N)C#N)CCC12,0.5649,1.069,0.2677,0.804,0.0438,0.1931,0.8845,-15.983,2.633
