iter,idx_in_batch,Selected SMILES,ucb,mu,std,True f
1,0,COc1ccccc1-c1cc(C(=O)NC2(C(=O)O)CCCCC2)nn1-c1cccc2ccccc12,0.5296435356140137,0.26357096433639526,0.8420018553733826,0.4889549816085373
2,1,Nc1nc2c(Cc3ccncc3)c[nH]c2c(=O)[nH]1,0.5132893323898315,0.23030968010425568,0.8955051898956299,0.45266921216775136
3,2,CCC(CO)NCc1cccc2ccccc12,0.509849488735199,0.218183696269989,0.9229929447174072,0.00229560247443413
4,3,Nc1c(N2CCCCC2)c2ccccc2oc1=O,0.5068760514259338,0.22084388136863708,0.9051650762557983,0.12320082462829844
5,4,COc1cccc(OC)c1-c1cc(C(=O)NC(CCCCN)C(=O)O)nn1-c1ccc(F)cc1,0.5066505670547485,0.22472931444644928,0.8921558260917664,0.5884564551719137 
6,0,COc1cccc(OC)c1-c1cc(C(=O)NC(Cc2ccccc2)C(=O)O)nn1-c1ccc(F)cc1,0.6795750856399536,0.45716533064842224,0.7038282155990601,0.558519911283697
7,1,Nc1nc2[nH]cc(Cc3ccc(C(=O)NC(CCC(=O)O)C(=O)O)cc3)c2c(=O)[nH]1,0.5656062960624695,0.27255886793136597,0.927365243434906,0.5633923501481578
8,2,COc1ccccc1N1CCCN(CCCCNC(=O)c2cccc3c2-c2ccccc2C3=O)CC1,0.5470991134643555,0.25633037090301514,0.9201542139053345,0.18205860278115976
9,3,COc1ccc(-c2csc(N)c2C(=O)NCc2ccncc2)cc1OC,0.5427708625793457,0.2503286600112915,0.9254500865936279,0.5082203652895744
10,4,COc1ccccc1Cn1c(SCC(N)=O)nc2c(oc3ccccc32)c1=O,0.5458109378814697,0.2598048448562622,0.9050824642181396,0.5087353861841599
11,0,COc1cccc(OC)c1-c1cc(NC(=O)C2(C(=O)O)CCCCC2)nn1-c1ccc(F)cc1,0.6628173589706421,0.4065383970737457,0.811009407043457,0.5706702261518001
12,1,Nc1nc(=O)c2cc(NCc3ccc(C(=O)NC(CCC(=O)O)C(=O)O)cc3)ccc2[nH]1,0.6450397968292236,0.3817574083805084,0.8331721425056458,0.5845966839720977
13,2,COc1ccccc1NC(=O)CSc1nc2c(oc3ccccc32)c(=O)n1C,0.6270699501037598,0.3724808096885681,0.805661678314209,0.49693322107477145
14,3,COc1ccc(-c2csc(N)c2C(=O)OCc2ccccc2)cc1OC,0.6269544363021851,0.37061506509780884,0.8112005591392517,0.28182419838006234
15,4,CCCC(NC(=O)c1ccc(CCCc2cc3c(=O)[nH]c(N)nc3[nH]2)s1)C(=O)O,0.608082115650177,0.31644487380981445,0.9229025840759277,0.5349194562298933
16,0,Nc1nc2[nH]c(CCCCc3sccc3C(=O)NC(CCC(=O)O)C(=O)O)cc2c(=O)[nH]1,0.6966765522956848,0.44106659293174744,0.8088922500610352,0.5563197319734821
17,1,Nc1nc2c(c(=O)[nH]1)N1C(=S)N(c3ccc(C(=O)NC(CCC(=O)O)C(=O)O)cc3)CC1CN2,0.6934813857078552,0.42478513717651367,0.8503045439720154,0.5609468929457032
18,2,COc1cccc(OC)c1-c1ccc(CC(NC(=O)C2(S(=O)(=O)c3ccc(F)cc3)CCCC2)C(=O)O)cc1,0.65484619140625,0.3842301070690155,0.856380045413971,0.6407943006512136
19,3,COc1ccc(N(CC(=O)O)C(C)=O)c2sc(NC(=O)c3ccc(F)cc3)nc12,0.6561263799667358,0.36805522441864014,0.9116175770759583,0.5068050487822969
20,4,COC(=O)c1c(SCC(=O)Nc2ccccc2OC)[nH]c2ccccc2c1=O,0.6411175727844238,0.37397727370262146,0.8453807830810547,0.5054500205839354
21,0,COc1cccc(OC)c1-c1ccc(CC(NC(=O)C2(S(=O)(=O)c3ccccc3)CCCCC2)C(=O)O)cc1,0.7426680326461792,0.550868034362793,0.6069619059562683,0.6408724364954185
22,1,CN1c2c([nH]c(N)nc2=O)NCC1CNc1ccc(C(=O)NC(CCC(=O)O)C(=O)O)cc1,0.727091908454895,0.4724634885787964,0.8057861924171448,0.5582625641403055
23,2,COc1cc(C(=O)NC(CCC(=O)O)C(=O)Nc2ccc(F)cc2)cc(OC)c1OC,0.7155756950378418,0.43843716382980347,0.8770205974578857,0.5546207668626808
24,3,Nc1nc2[nH]c(CCCCCC(=O)NC(CCC(=O)O)C(=O)O)cc2c(=O)[nH]1,0.6946001052856445,0.458457350730896,0.7472872734069824,0.5628327695699846
25,4,CC(=O)Oc1ccccc1Cn1c(C)c(C(=O)NCc2ccc(F)cc2)sc1=O,0.6678006052970886,0.388671875,0.8833187222480774,0.3860303530857429
26,0,COc1cccc(OC)c1-c1ccc(CC(NC(=O)C2(S(=O)(=O)c3cncn3C)CCCNC2)C(=O)O)cc1,0.7593358755111694,0.5194255709648132,0.7592096924781799,0.6289754404240833
27,1,Cc1[nH]c2nc(N)nc(O)c2c1Sc1ccc(C(=O)NC(CCC(=O)O)C(=O)O)cc1,0.7368237972259521,0.473762184381485,0.8324735164642334,0.5268743324555816
28,2,COc1ccc(S(=O)(=O)N2Cc3ccccc3CC2C(=O)NC(CCC(=O)O)C(=O)O)cc1OC,0.7187738418579102,0.44171133637428284,0.8767799139022827,0.6158137456690885
29,3,Nc1nc2nc(C(=O)NCC(=O)NC(CO)C(=O)NC(Cc3c[nH]c4ccccc34)C(=O)O)cnc2c(=O)[nH]1,0.6802278757095337,0.39228111505508423,0.9112240076065063,0.556411453908484
30,4,COc1ccccc1NC(=O)Cn1cnc2sc(C(=O)Nc3ccc(F)cc3)c(C)c2c1=O,0.6768032908439636,0.40561041235923767,0.858205258846283,0.5043426491953678
31,0,COc1cccc(OC)c1-c1ccc(CC(NC(=O)C2(C)CCCO2)C(=O)O)cc1,0.7742578983306885,0.5403828620910645,0.7401108741760254,0.6287301301650272
32,1,CN(Cc1ccc2nc(CF)[nH]c(=O)c2c1)c1ccc(C(=O)NC(CCC(=O)O)C(=O)O)cc1,0.7514981031417847,0.49574509263038635,0.809345006942749,0.6261619693208312
33,2,COc1cc(C(=O)NC(CCC(=O)O)C(=O)Nc2ccc(S(=O)(=O)Nc3nccs3)cc2)cc(OC)c1OC,0.7348777055740356,0.5069735050201416,0.7212157249450684,0.5543885391745939
34,3,COc1cc(C=CC(=O)NC(Cc2c[nH]c3ccccc23)C(=O)O)ccc1O,0.7120741009712219,0.4359407424926758,0.8738396763801575,0.5931125525769623
35,4,Nc1nc(O)c2c(n1)NCC(CCc1ccc(C(=O)NC(CCC(=O)O)C(=O)O)s1)S2,0.7008941173553467,0.42652225494384766,0.8682653903961182,0.5340949798056249
36,0,COc1nc(O)c2cc(CNc3ccc(C(=O)NC(CCC(=O)O)C(=O)O)cc3)ccc2n1,0.7893616557121277,0.5457587838172913,0.7708950638771057,0.5980352333496287
37,1,COc1cccc(OC)c1-c1ccc(CC(NC(=O)C2(S(=O)(=O)c3ccccc3Br)CCCNC2)C(=O)O)cc1,0.7820549011230469,0.5843478441238403,0.6256551742553711,0.6461081666732931
38,2,Cc1nc2ccc(CN(C)c3cnc(C(=O)NC(CCC(=O)O)C(=O)O)s3)cc2c(=O)[nH]1,0.7736238241195679,0.5156066417694092,0.8165099024772644,0.5488318335916189
39,3,CCCCC(N)C(=O)Nc1cc(C(=O)NC(Cc2c[nH]c3ccccc23)C(=O)O)ccc1N,0.7520039081573486,0.4891538619995117,0.8318039774894714,0.5928155507483438
40,4,COc1ccc(-c2csc(NC(=O)C(=O)O)n2)cc1OC,0.6962178945541382,0.41681545972824097,0.8841850161552429,0.46870232598315437
41,0,Cc1nc2ccc(CN(CCS)c3ccc(C(=O)NC(CCC(=O)O)C(=O)O)cc3)cc2c(=O)[nH]1,0.782529354095459,0.5653109550476074,0.6874000430107117,0.6380200026644993
42,1,COc1cccc(OC)c1-c1ccc(CC(Nc2ccccc2[N+](=O)[O-])C(=O)O)cc1,0.7696686387062073,0.5284715890884399,0.7632818222045898,0.6056040651070881
43,2,O=C(O)CCC(=O)Nc1ccc(C(=O)NC(Cc2c[nH]c3ccccc23)C(=O)O)cc1OCCc1c[nH]c2ccccc12,0.7569023370742798,0.4898209571838379,0.8451943397521973,0.5824761933691673
44,3,Cc1c(CN(C)c2ccc(C(=O)NC(CCC(=O)O)C(=O)O)s2)cnc2nc(N)nc(N)c12,0.744625449180603,0.4767105281352997,0.8478319048881531,0.5238251584007785
45,4,CCN(CC)S(=O)(=O)C1(C(=O)NC(Cc2ccc(-c3ccccc3OC)cc2)C(=O)O)CCCC1,0.7692820429801941,0.5137125849723816,0.8087640404701233,0.67007525827389
46,0,COc1ccccc1-c1ccc(CC(CC(=O)O)NC(=O)CCC(=O)O)cc1,0.7904452085494995,0.5310218334197998,0.8209600448608398,0.6389888221536165
47,1,CN(CC1Cc2c(O)nc(N)nc2NC1=O)c1ccc(C(=O)NC(CCC(=O)O)C(=O)O)cc1,0.785662055015564,0.5396308302879333,0.7785798907279968,0.5726083755325005
48,2,COc1ccc(C(C)C(CS)C(=O)NC(Cc2ccc(O)cc2)C(=O)O)cc1OC,0.77252197265625,0.504077136516571,0.8495088815689087,0.5944714687095385
49,3,CSCCC(NC(=O)C(Cc1c[nH]c2ccccc12)NC(=O)c1ccc(F)cc1)C(=O)NC(CCC(=O)O)C(=O)O,0.7895045280456543,0.5343587398529053,0.8074233531951904,0.608171646815092
50,4,CCc1c(C(=O)Nc2cc(S(=O)(=O)Nc3ccccc3OC)ccc2O)[nH]c(C)c1C(C)=O,0.721707284450531,0.44193893671035767,0.8853428363800049,0.5110035128071774
51,0,COc1ccccc1-c1ccc(CC(NC(=O)Cc2cccc([N+](=O)[O-])c2)C(=O)O)cc1,0.8003728985786438,0.5568619966506958,0.7706040143966675,0.6317451252039405
52,1,CC#CCN(Cc1ccc2nc(N)nc(O)c2c1)c1ccc(C(=O)NC(CCC(=O)O)C(=O)O)cc1,0.7907961010932922,0.5624613165855408,0.7225783467292786,0.6063491838088046
53,2,COC(=O)C(Cc1c[nH]c2ccccc12)NC(=O)c1cc(-c2ccc(OC)c(OC)c2)oc1C,0.7616941928863525,0.5006033182144165,0.82623690366745,0.5313422988963419
54,3,CCC(CC)(Cc1ccc(C(=O)Oc2ccc(C(=N)N)cc2F)s1)C(=O)NC(CCC(=O)O)C(=O)O,0.7582719326019287,0.48096030950546265,0.8775683045387268,0.5890917367150412
55,4,COc1ccccc1CCc1nc(C)c(O)c(C(=O)O)c1C(=O)O,0.7272902727127075,0.44596582651138306,0.8902672529220581,0.4874819371375051
56,0,COc1ccccc1-c1ccc(CC(NC(=O)C2(c3cccnc3)CCC(C)C2)C(=O)O)cc1,0.8095093965530396,0.5666912198066711,0.7684118747711182,0.6306206127189942
57,1,Nc1nc(N)c2cc(COC(=O)Cc3ccc(C(=O)NC(CCC(=O)O)C(=O)O)cc3)ccc2n1,0.7941864728927612,0.5527648329734802,0.763992428779602,0.5957424254201591
58,2,Cc1ccc(C)c(OCC(=O)NC(Cc2c[nH]c3ccccc23)C(=O)O)c1,0.7828512191772461,0.5381672978401184,0.7743162512779236,0.5772078366321597
59,3,CCCNC(=O)Nc1cccc(-c2ccc(CC(NS(=O)(=O)c3ccc(OC)c(OC)c3)C(=O)O)cc2)c1,0.7752984166145325,0.5120807886123657,0.8329671025276184,0.6160400790624899
60,4,CS(=O)(=O)OCCN(CCOS(C)(=O)=O)c1ccc(C(=O)NC(CCC(=O)O)C(=O)O)c(F)c1,0.7296212911605835,0.4497327506542206,0.8857232332229614,0.5455375933433722
61,0,COc1ccccc1-c1ccc(CC(NC(=O)C2(S(=O)(=O)c3ccc(F)cc3)CCCCC2)C(=O)O)cc1,0.8073185086250305,0.6304569244384766,0.5596885085105896,0.6246670013905345
62,1,CC(C)N(Cc1cnc2nc(N)nc(N)c2n1)c1ccc(C(=O)NC(CCC(=O)O)C(=O)O)cc1,0.7921754121780396,0.5434924960136414,0.7869711518287659,0.5650184000434123
63,2,COc1ccc2[nH]cc(CCNC(=O)C(CCC(=O)O)NC(=O)C(Cc3ccc(OP(=O)(O)O)cc3)NC(C)=O)c2c1,0.776003360748291,0.5019190907478333,0.8673551678657532,0.6292339262346598
64,3,C#CCN(Cc1ccc2nc[nH]c(=O)c2c1)c1ccc(C(=O)NC(CCC(=O)O)C(=O)O)c(F)c1,0.796413779258728,0.545663595199585,0.7935131192207336,0.591303259610674
65,4,COc1cc(OC)c(CNC(CC(=O)O)C(=O)O)c(OC)c1,0.7220350503921509,0.4387272298336029,0.8965436816215515,0.4843646530757322
66,0,C#CCN(Cc1ccc2nc(C)[nH]c(=O)c2c1)c1ccc(C(=O)NC(CCC(=O)O)C(=O)O)c(C)c1,0.7931042313575745,0.5853552222251892,0.6574335098266602,0.593801934515397
67,1,COc1ccccc1-c1ccc(CC(NC(=O)C2(C(=O)N3CCOCC3)CCCO2)C(=O)O)cc1,0.7917833924293518,0.5514545440673828,0.7605342268943787,0.6807345664736113
68,2,COc1ccc(C(CC(=O)CCC(=O)NC(Cc2c[nH]c3ccccc23)C(=O)O)c2c[nH]c3ccc(OC)cc23)cc1,0.7872403860092163,0.52922123670578,0.8165162801742554,0.5028704157521657
69,3,COc1cccc(-c2ccc(CCC(=O)NC(CCC(=O)O)C(=O)NC(CCC(=O)O)C(N)=O)cc2)c1,0.7878929376602173,0.5204675197601318,0.8462828397750854,0.6482850789380049
70,4,CS(=O)(=O)CCC(NC(=O)c1ccc(NCc2cnc3nc(N)nc(O)c3n2)cc1)C(=O)O,0.7484743595123291,0.48843836784362793,0.8228986859321594,0.5426855629131339
71,0,NC(=O)C(Cc1ccc(O)cc1)NC(=O)C(CCC(=O)O)NC(=O)CCc1ccc(-c2ccccc2)cc1,0.8032593131065369,0.5571908354759216,0.7786976099014282,0.6666124087786867
72,1,CCC(NC(=O)Cc1c(C)c2ccc(OC)c(C)c2oc1=O)C(=O)NC(Cc1ccc(Cl)cc1)C(=O)O,0.7954221963882446,0.5218846797943115,0.8656250834465027,0.5808089446625225
73,2,O=C(O)CCC(NC(=O)c1ccc(C=C2NC(=O)NC2=O)cc1)C(=O)O,0.79058837890625,0.5405941009521484,0.7911211252212524,0.5648837139740481
74,3,COc1ccccc1NC(=O)C(=O)Nc1ccc(OCC(=O)O)c(F)c1,0.7686270475387573,0.501874566078186,0.8441533446311951,0.5189130360398916
75,4,Cn1ncc(O)c(-c2ccc(CC(NC(=O)c3c(Cl)cccc3Cl)C(=O)O)cc2)c1=O,0.7875100374221802,0.5168802738189697,0.8564231395721436,0.5651624156997007
76,0,O=C(O)CC(NC(=O)C(Cc1ccc(O)cc1)NC(=O)c1ccc(F)cc1)C(=O)O,0.8133873343467712,0.5679470300674438,0.7767097353935242,0.5683383474549338
77,1,COc1ccc(-c2cc(NC(=O)NC(Cc3ccccc3)C(=O)O)c(C(=O)O)s2)cc1,0.8042194843292236,0.5425378084182739,0.8281066417694092,0.575108880507365
78,2,CCC(NC(=O)CCc1ccc(-c2nccs2)cc1)C(=O)NC(CCC(=O)O)C(N)=O,0.8056247234344482,0.5558394193649292,0.7904598116874695,0.5879420883236345
79,3,CCc1cc(=O)oc2cc(C)cc(OCC(=O)NC(Cc3c[nH]c4ccc(O)cc34)C(=O)O)c12,0.7605512142181396,0.4894274175167084,0.8579867482185364,0.5840509038924728
80,4,CCCCN1CC(CN(C)c2ccc(C(=O)NC(CCC(=O)O)C(=O)O)cc2)=Nc2c(N)nc(N)nc21,0.7784664034843445,0.5305733680725098,0.7844716310501099,0.6135904513024293
81,0,COc1ccc(-c2cc(=O)oc3c(C)c(OCC(=O)NC(Cc4ccc(O)cc4)C(=O)O)ccc23)cc1,0.8222991228103638,0.5690113306045532,0.8015435934066772,0.600597446830224
82,1,NC(=O)c1nc(CNc2ccc(C(=O)NC(CCC(=O)O)C(=O)O)cc2)cnc1N,0.800778329372406,0.5722019672393799,0.7233428359031677,0.5534795051775097
83,2,CC(C)CC(S)C(=O)NC1(C(=O)NC(Cc2ccc(-c3ccccc3)cc2)C(=O)O)CCCC1,0.7929596304893494,0.5345972776412964,0.8176023364067078,0.6539818016562732
84,3,COC(=O)c1c(O)cccc1OCCCCNC(=O)C(Cc1ccc(NC(=O)C(=O)O)cc1)NC(C)=O,0.7874444723129272,0.514132559299469,0.8649109601974487,0.6523279107712199
85,4,CCCCOC(=O)NC(CNC(=O)c1ccc2nc(-c3ccc(C(=N)N)cc3)oc2c1)C(=O)O,0.7834575176239014,0.5044710636138916,0.8828684687614441,0.5944048761842015
86,0,NC(CCC(=O)O)C(=O)NC(Cc1ccccc1)C(=O)NC(Cc1ccc(O)cc1)C(=O)O,0.8156526684761047,0.5763624906539917,0.7572473883628845,0.6076044135712555
87,1,Nc1nc(N)c2c(CCCCc3ccc(C(=O)NC(CCC(=O)O)C(=O)O)cc3)coc2n1,0.801491379737854,0.558747410774231,0.7681769728660583,0.5947656159464092
88,2,CC(C)C(S)C(=O)NC1(C(=O)NC(Cc2ccc(-c3ccc(C(F)(F)F)cc3)cc2)C(=O)O)CCCC1,0.8046533465385437,0.5670084357261658,0.7520408034324646,0.5617451923667633
89,3,Cc1ccc(F)c(NC(=O)Nc2ccc(Oc3ccnc(-c4cc(C(=O)NC(CCC(=O)O)C(=O)O)c[nH]4)c3)cc2)c1,0.7891514301300049,0.5185911655426025,0.8562034368515015,0.4791821164588333
90,4,CCCCCNC(=O)C(Cc1ccc(OCC(N)=O)c(C(=O)O)c1)NC(=O)CCC(=O)O,0.7780196070671082,0.5023657083511353,0.8723224401473999,0.5967889639267159
91,0,COC(=O)C(CCC(=O)O)NC(=O)C(C)NC(=O)C(NC(=O)c1ccc(-c2ccccc2)cc1)C(C)O,0.8124105930328369,0.5515890717506409,0.8253845572471619,0.5699338375773784
92,1,CCCCn1c2ccccc2c2cc(C(=O)NC(Cc3ccc(O)cc3)C(=O)O)ncc21,0.7988536357879639,0.5380077362060547,0.8254615664482117,0.6307244193891122
93,2,CC(CCC(=O)NC(CC(=O)O)C(=O)O)Cc1ccc(C(=O)Oc2ccc(C(=N)N)cc2)o1,0.7985334396362305,0.5283510088920593,0.8550077676773071,0.6278291777348106
94,3,CS(=O)(=O)NCCC1(C(=O)NC(Cc2ccc(NC(=O)c3c(Cl)cccc3Cl)cc2)C(=O)O)CCCC1,0.7961322069168091,0.5353905558586121,0.8251316547393799,0.6511960548887032
95,4,CCCCCCCC(=O)OCC(NC(=O)c1cccc(COc2cc(O)c(C(C)=O)cc2CC)n1)C(=O)O,0.7712690234184265,0.48800668120384216,0.8963997960090637,0.6214943749578893
96,0,CCCCc1ccc(C(=O)NC(CCS)C(=O)NC(Cc2ccccc2)C(=O)O)nc1,0.818185567855835,0.5631744265556335,0.8069971799850464,0.5988260721271621
97,1,CCCS(=O)(=O)c1nc(NC(Cc2ccc(NC(=O)c3c(Cl)cncc3Cl)cc2)C(=O)O)cc(C(=O)O)n1,0.8130273222923279,0.5436170697212219,0.8525640964508057,0.576056181863547
98,2,O=C(O)CCC(=O)N(Cc1cccc(C(=O)NC(CCC(=O)O)C(=O)O)c1)c1ccc(C=C2SC(=S)NC2=O)cc1,0.7993625402450562,0.5344350337982178,0.8383781909942627,0.6449536668332486
99,3,CC(=O)NC(Cc1ccc(CP(=O)(O)O)cc1)C(=O)NC1(C(=O)NC(CC(N)=O)C(=O)NCCCc2c[nH]c3ccccc23)CCCCC1,0.7996474504470825,0.5396305322647095,0.8228384256362915,0.6310139726035909
100,4,COc1cc(C(=O)O)ccc1COc1ccc(C(C)=O)c(O)c1CCCC(C)=O,0.7769903540611267,0.49927523732185364,0.8788452744483948,0.6124611735683655
101,0,COc1ccc(CNC(=O)C(CCC(=O)O)NC(=O)C(Cc2ccc(NC(=O)C(=O)O)cc2)NC(=O)c2ccccc2)cc1,0.8200398683547974,0.575809895992279,0.7728796005249023,0.6324640070964047
102,1,CCCc1c(OCCCS(=O)(=O)c2ccc(C(=O)CCC(=O)O)cc2)ccc(C(C)=O)c1O,0.8057832717895508,0.535557210445404,0.8551456332206726,0.6173217887287886
103,2,CCCC(NC1(C(=O)NC(Cc2nc(-c3ccccc3)co2)C(=O)O)CCCC1)C(=O)O,0.8030567765235901,0.5335202813148499,0.8529635667800903,0.6186778060433296
104,3,O=C(O)CN(CC(=O)NC(Cc1ccc(OCc2c(Cl)cccc2Cl)cc1)C(=O)O)S(=O)(=O)c1cccs1,0.8149977922439575,0.5471476316452026,0.8476269841194153,0.6054578071505033
105,4,Cc1nc(O)c2cc(CN(C)c3ccc(C(=O)NC(CCC(=O)O)C(=O)N(C)C(CCC(=O)O)C(=O)O)c(F)c3)ccc2n1,0.7956979870796204,0.5333529114723206,0.8302059173583984,0.6281151521636784
106,0,CC(C)(C)C(=O)NC(Cc1ccc(NC(=O)c2ccnc3ccccc23)cc1)C(=O)O,0.8184444904327393,0.557452917098999,0.8259226679801941,0.6111443800841697
107,1,CCCCCNC(=O)C(Cc1ccc(OC(C(=O)O)C(=O)O)cc1)NC(=O)COCC(=O)O,0.8183071613311768,0.5606517195701599,0.8153653144836426,0.6192962332165907
108,2,COc1ccc(CC(NC(=O)c2ccccc2)C(=O)CCC(=O)N2CCCC2C(=O)O)cc1OC,0.8149172067642212,0.548218846321106,0.8439822196960449,0.6668395503282671
109,3,O=C(O)CCC(NC(=O)c1cc(CNc2ccc(C=C3SC(=S)NC3=O)cc2)ccc1O)C(=O)O,0.8139588236808777,0.5717520117759705,0.7664771676063538,0.6121768529855413
110,4,Cc1ccccc1S(=O)(=O)NC(=O)NC(CC(N)=O)C(=O)NCCC(=O)NC(Cc1c[nH]cn1)C(=O)O,0.7948026657104492,0.5168406963348389,0.8796263933181763,0.5344519004930286
111,0,CCCCCN(C)C(=O)C(CCC(=O)O)NC(=O)C(Cc1ccc(OP(=O)(O)O)cc1)NC(C)=O,0.8221374154090881,0.5745804905891418,0.783407986164093,0.6179479396689634
112,1,NS(=O)(=O)c1ccc(C(=O)NCC(=O)NC(Cc2ccccc2)C(=O)O)cc1,0.8163624405860901,0.5663822889328003,0.7910764217376709,0.5551915605075728
113,2,CNC(=O)C(Cc1ccc(OC)cc1)NC(=O)C1(NC(CCN2C(=O)c3cc4ccccc4cc3C2=O)C(=O)O)CCCCC1,0.8181275129318237,0.5562246441841125,0.8288064002990723,0.6669019884887751
114,3,CCc1cc(C(C)=O)c(O)cc1OCc1cccc(C(=O)NCCC(=O)O)n1,0.7929542064666748,0.5475220680236816,0.776684045791626,0.5813543813680805
115,4,COc1cc2nccc(NC(CSSCC(Nc3ccnc4cc(OC)c(C(N)=O)cc34)C(=O)NCC(=O)O)C(=O)O)c2cc1C(N)=O,0.7780556678771973,0.4920850098133087,0.9049704074859619,0.5798547487649521
116,0,O=C(O)C(=O)NC(Cc1ccc(OC(=O)c2cc3ccccc3s2)cc1)C(=O)O,0.824531078338623,0.5675944089889526,0.8130907416343689,0.5737668735754387
117,1,CC(=O)NC(Cc1ccc(OP(=O)(O)O)cc1)C(=O)NC(CCC(=O)O)c1nc(CCC(C)C)cs1,0.822806715965271,0.5710328817367554,0.7967526912689209,0.586706134604732
118,2,O=C(NC(CCCCNC(=O)c1ccc(I)cc1)C(=O)O)NC(Cc1cccnc1)C(=O)O,0.8200122117996216,0.5524981617927551,0.8465635180473328,0.623606023051232
119,3,COCCC1(C(=O)NC(Cc2ccc(-c3cn(C)c(=O)n(C)c3=O)c(C)c2)C(=O)O)CCCC1,0.7941884994506836,0.5182479023933411,0.8732297420501709,0.6368837224276866
120,4,CCCCCOC(=O)N1CCN(C(=O)C(CCC(=O)O)NC(=O)c2cc(O)cc(-c3ccccc3)n2)CC1,0.8041286468505859,0.5314478278160095,0.8629139065742493,0.6457734568392596
121,0,CCN(CC)C(=O)C(Cc1ccc(O)cc1)NC(=O)c1cccc(CC(NC(=O)C2CCC(=O)N2Cc2ccccc2)C(=O)O)c1,0.8232897520065308,0.5617237091064453,0.8277406096458435,0.676377021371546
122,1,COc1ccc(OC)c(C(=O)CCC(=O)NC(Cc2ccccc2)C(=O)C(N)=O)c1,0.8230969905853271,0.5666355490684509,0.8115866780281067,0.5788314959210673
123,2,CCCCOC(=O)C(Cc1ccc(O)cc1)NC(=O)C1(NC(=O)C(SC(C)=O)C(C)C)CCCC1,0.8148131370544434,0.5527397394180298,0.8293461799621582,0.6083857917788508
124,3,O=C(O)CCC(NC(=O)c1ccc(C=C2SC(=S)N(CC(=O)O)C2=O)cc1)C(=O)O,0.8071159720420837,0.5704152584075928,0.7490528225898743,0.5790172774228223
125,4,COc1cc2nc(O)c(C(=O)Nc3ccc(OCCCCCCCC(=O)O)cc3)c(O)c2cc1OC,0.787529706954956,0.5127264261245728,0.8696305751800537,0.5836108838996935
126,0,COC(=O)c1c(O)cccc1OCCCCNC(=O)C(Cc1ccc(N(CC(C(=O)O)c2ccccc2)C(=O)C(=O)O)cc1)NC(=O)OC(C)(C)C,0.8232882022857666,0.5724754333496094,0.7937111854553223,0.6671004121804862
127,1,CC(N)c1nc(C(=O)N2CCCC2C(=O)NC(Cc2ccc(O)cc2)C(=O)O)co1,0.8194998502731323,0.553443431854248,0.8419507145881653,0.602697625106502
128,2,CCCCCN(CCCCC)C(=O)C(CCC(=O)O)NC(=O)C(Cc1ccc(OP(=O)(O)O)cc1)NC(=O)CCc1cccnc1,0.8214011788368225,0.5761508345603943,0.7761086225509644,0.6301771551312749
129,3,COC(=O)C(CC(C)C)NC(=O)NC(Cc1cccc(O)c1)C(=O)O,0.8180767297744751,0.5471076965332031,0.8574967980384827,0.5388826342401094
130,4,Cn1c(Cc2nc3cc(C(N)=O)ccc3[nH]2)nc2ccc(C(=O)Nc3ccc(C(=O)NC(CCC(=O)O)C(=O)O)cc3)cc21,0.8031399250030518,0.5439755320549011,0.8201403617858887,0.5747443105963495
131,0,CCCCCNC(=O)C(Cc1ccc(OCC(=O)O)c(C(=O)OC)c1)NC(=O)C(Cc1ccccc1)NC(=O)OC(C)(C)C,0.837233304977417,0.593987762928009,0.7697643041610718,0.5966337900605705
132,1,NCCCCC(NC(=O)c1ccc(N)c(NC(=O)C(N)Cc2ccc(O)cc2)c1)C(=O)O,0.8239040970802307,0.5852714776992798,0.7551665306091309,0.6106853093919458
133,2,O=C(O)c1ccccc1-c1ccc(CC(NC(=O)C2CCCN2S(=O)(=O)c2cc(Cl)cc(Cl)c2)C(=O)O)cc1,0.8136062622070312,0.553862988948822,0.8219724297523499,0.648847782970675
134,3,CCCCc1cc(C(=O)NC(CCC(=O)O)C(=O)N2CCN(C(=O)OCC)CC2)nc(-c2ccccc2)n1,0.8158020377159119,0.5788627862930298,0.7498077154159546,0.6231536961229689
135,4,COc1cc(CCOc2cc(O)c3c(=O)cc(C(=O)O)oc3c2)ccc1NC(=O)C(=O)O,0.7874366641044617,0.5081257820129395,0.8838951587677002,0.5730589700745605
136,0,O=C(CCCCNC1=NCCN1)Nc1ccc(CC(NC(=O)C2CCCN2S(=O)(=O)c2ccccc2)C(=O)O)cc1,0.8306645750999451,0.5736965537071228,0.8131898641586304,0.6579837768106632
137,1,CCC(NC(=O)C(Cc1c[nH]c2ccccc12)NC(=O)C(NC(=O)C(CCCCN)NC(=O)c1cc(O)ccc1O)C(C)CC)C(=O)O,0.8249484896659851,0.5716378092765808,0.8016160130500793,0.5982545293390266
138,2,COc1ccc(Cn2ccc(C)c(NC(=O)C(Cc3ccc(CC(=O)O)cc3)NC(C)=O)c2=O)cc1,0.8226640224456787,0.5605177879333496,0.8295766711235046,0.5886337250759308
139,3,NC(Cc1ccc(N(CCCl)CCCl)cc1)C(=O)NC(CCC(=O)O)C(=O)O,0.8103450536727905,0.5491814017295837,0.8264671564102173,0.5967236768718325
140,4,CC(C)COc1cc(C(=O)Nc2ccc(C(=O)O)cc2OCC(C)C)ccc1NC(=O)C(=O)O,0.8000704050064087,0.5253299474716187,0.8694316744804382,0.5729193584960112
141,0,CCCCCNC(=O)C(N)Cc1ccc(N(C(=O)C(=O)O)c2ccccc2C(=O)O)cc1,0.8302538394927979,0.5696403980255127,0.8247261047363281,0.6520108835282679
142,1,COC(=O)c1cc(CC(NC(C)=O)C(=O)NC2CCCCN(Cc3ccc(-c4ccccc4)cc3)C2=O)ccc1C(F)(C(=O)O)C(=O)O,0.8282126188278198,0.5634454488754272,0.8378708362579346,0.6790763127877064
143,2,CCCC(=O)NC(Cc1ccc(OCCCCCCN)cc1)C(=O)O,0.8184054493904114,0.5588273406028748,0.8214496970176697,0.6223436751004975
144,3,Cc1cc2nc(-c3c(I)cc(C(=O)NC(C)C(=O)NC(Cc4ccc(O)cc4)C(=O)NCC(=O)O)cc3I)[nH]c2cc1C,0.8157148361206055,0.5453636646270752,0.8555417656898499,0.5367040997700216
145,4,CC(C)(C)OC(=O)NC(Cc1ccccc1)C(=O)N1CCC(C(=O)NC(CCC(N)=O)C(=O)O)CC1,0.8159879446029663,0.5490624904632568,0.844700813293457,0.6062487842913387
146,0,CCc1cc(CC(NC(C)=O)C(=O)NCCCCC(=O)NC(CSCc2ccccc2)C(=O)O)ccc1N(C(=O)C(=O)O)c1ccccc1C(=O)O,0.8417750597000122,0.5808892250061035,0.8255881071090698,0.6618713751192461
147,1,CCCCc1ccc(CN2CCCCC(NC(=O)C(Cc3ccc(OP(=O)(O)O)cc3)NC(C)=O)C2=O)cc1,0.830521285533905,0.5873207449913025,0.7696219682693481,0.6609212898796558
148,2,Cc1cc(O)cc(C)c1CC(N)C(=O)N1Cc2ccccc2CC1C(=O)NCCCCC(NC(=O)c1ccc(F)cc1)C(=O)O,0.8264247179031372,0.564038872718811,0.8303350210189819,0.6551580514374291
149,3,Cc1cn(CC2CC(N=[N+]=[N-])C(COC(=O)C(=O)NC(Cc3ccc(O)cc3)C(=O)O)O2)c(=O)[nH]c1=O,0.8092478513717651,0.5332226753234863,0.873497486114502,0.5594417821893285
150,4,O=C(O)CCC(NC(=O)Nc1ccc(COC(=O)Nc2ccc(N(CCF)CCF)cc2)cc1)C(=O)O,0.8210412263870239,0.5587388277053833,0.8300708532333374,0.6151631287950854
151,0,CC(=O)NC(Cc1ccc(C(=O)O)c(C=O)c1)C(=O)NC1CCCCN(Cc2ccc(-c3ccccc3)cc2)C1=O,0.8397194147109985,0.6323819160461426,0.656131386756897,0.6961018612350028
152,1,CC(=O)NC(CCCCN)C(=O)N(C)CC(=O)NC(Cc1ccc(O)cc1)C(=O)N(C)C(CC(=O)O)C(N)=O,0.8270434141159058,0.5671039819717407,0.8225929737091064,0.5652181355458361
153,2,CCN(CC)c1ncc(N(CC)C(=O)c2cccc(F)c2)c(NC(Cc2ccc(OC(=O)N3CCCC3)cc2)C(=O)O)n1,0.827033281326294,0.5527065396308899,0.8681225180625916,0.5682624329619115
154,3,CCOC(=O)CCCCCCCNC(=O)N1c2c(O)nc(N)nc2NCC1CNc1ccc(C(=O)NC(CCC(=O)O)C(=O)O)cc1,0.8109697103500366,0.5581260919570923,0.8001378774642944,0.5977203627431615
155,4,CCCCC(=O)NC(Cc1cccc(C)c1)C(=O)NC(C#N)COCc1cccc(C(=O)O)c1,0.8279536962509155,0.557270348072052,0.8565928936004639,0.6193829580859205
156,0,CC1CN(CCC(=O)NC(Cc2ccc(-c3ccccc3)cc2)C(=O)O)CCC1(C)c1cccc(O)c1,0.8385266065597534,0.5891149044036865,0.7892774939537048,0.6565604292929632
157,1,CCCCC(CC(CCc1ccc(-c2ccc(C(=O)O)cc2)cc1)C(=O)NC(C(=O)NC)C(C)(C)C)C(=O)O,0.8365045189857483,0.5683386921882629,0.8486260175704956,0.5289294313077844
158,2,O=C(O)CCC(NC(=O)C(Cc1ccccc1)NC(=O)CCCCCNC(=O)NC1CCCCC1)C(=O)O,0.8309391736984253,0.5792002081871033,0.7966421842575073,0.6313211350596638
159,3,CCCCc1nc(SCCCCOC(C)=O)c(C(=O)O)n1Cc1ccc(-c2ccccc2S(=O)(=O)NC(=O)NCCC)cc1,0.8146235942840576,0.5381225943565369,0.8750031590461731,0.4349851819252691
160,4,CCC(C)C(NC(=O)C(CCC(N)=O)NC(=O)C(N)Cc1cnc[nH]1)C(=O)NC(Cc1ccc(O)cc1)C(=O)N1CCCC1C(=O)O,0.8229041695594788,0.5597846508026123,0.8326566219329834,0.5715841468708972
161,0,C[S+](C)CC(=O)CCC(NC(=O)C(Cc1ccccc1)NC(=O)OCCc1ccccc1)C(=O)O,0.8395878672599792,0.5851821303367615,0.8050813674926758,0.6140582681010746
162,1,NC(Cc1ccc(O)cc1)C(=O)N1Cc2ccccc2CC1C(=O)NC(Cc1ccc(O)cc1)C(=O)O,0.8338351845741272,0.5923827886581421,0.7640898823738098,0.6349505191792069
163,2,CCCC(=O)NC(Cc1ccc(OP(=O)(O)O)cc1)C(=O)NCCCN1CCCNC1=O,0.8221544027328491,0.5704650282859802,0.7964852452278137,0.610117934786289
164,3,O=C(O)CCC(NC(=O)c1cccc(CN(C(=O)C(=O)O)c2ccc(C=C3SC(=O)NC3=O)cc2)c1)C(=O)O,0.8282430171966553,0.6197417378425598,0.6598140597343445,0.6097753452604335
165,4,CCCCCOc1c(OC)cc(N(C)CCCNC(=O)NC(CCCNC(=N)N)C(=O)O)c2nccc(CC)c12,0.7790732383728027,0.49636033177375793,0.8946609497070312,0.5796958321957226
166,0,O=C(Nc1ccc(CC(NC(=O)C2CCC(=O)N2Cc2ccccc2)C(=O)O)cc1)c1cc(F)c(F)cc1F,0.8398367166519165,0.595909595489502,0.7719213366508484,0.6433569758750236
167,1,CC(=O)NC(CCC(=O)O)C(=O)N1CCCC1P(=O)(O)CC(Cc1ccccc1)C(=O)O,0.8327852487564087,0.5709076523780823,0.8287266492843628,0.656354728249078
168,2,Cc1cc(O)cc(C)c1CC(N)C(=O)NC(CCCNC(=N)N)C(=O)NC(Cc1ccc2ccccc2c1)C(=O)NC(CCCCN)C(=O)O,0.8277318477630615,0.5682471394538879,0.8211541175842285,0.6167477605471099
169,3,CNC(=O)c1ccccc1NC(Cc1ccc(OCCc2nc(-c3ccccc3)oc2C)cc1)C(=O)O,0.8317750692367554,0.5705147981643677,0.826772928237915,0.5721094690475678
170,4,CCCCCC(=O)NC(CNC(=O)c1ccc2c(c1)C(=O)N(CCC1CCNCC1)C2)C(=O)O,0.8014105558395386,0.5235897898674011,0.8791797161102295,0.6339841045276529
171,0,O=C(CCCCCCC(=O)NC(Cc1ccccc1)C(=O)O)NO,0.841977059841156,0.6002199649810791,0.7650540471076965,0.6391182085616104
172,1,CC(N)C(=O)NC(C(=O)N1CCCC1C(=O)NC(Cc1ccc(O)cc1)C(=O)NC(Cc1ccc(O)cc1)C(=O)O)C(C)C,0.8324218988418579,0.5943896770477295,0.7532663941383362,0.5990203506268832
173,2,COc1ccc2c(c1)c(CC(=O)NC(CCCCN)C(=O)O)c(C)n2C(=O)c1ccc(Cl)cc1,0.8180725574493408,0.5585679411888123,0.8212170004844666,0.6232007702039817
174,3,O=C(Nc1ccc(CC(NC(=O)C2OCOC2C(=O)Nc2ccccc2-c2ccccc2)C(=O)O)cc1)c1ccncc1,0.8235446214675903,0.559600830078125,0.8352652192115784,0.6273125893083857
175,4,CCCCC1(CC)CS(=O)(=O)c2cc(CNC(CSSCC(N)C(=O)O)C(=O)O)c(OC)cc2C(c2ccccc2)N1,0.8059784173965454,0.5234826803207397,0.8939738273620605,0.6564150938089005
176,0,CCc1cc(=O)oc2cc(OCC(=O)NC(Cc3ccccc3)C(=O)O)ccc12,0.8400973081588745,0.5963146686553955,0.7714639902114868,0.5983589311571501
177,1,CCCCCCCCC(=O)N1CCCC1C(=O)NC(Cc1ccc(O)cc1)C(N)=O,0.8292863368988037,0.5789714455604553,0.7921358346939087,0.6262162431901687
178,2,O=C(CCCc1nc2ccccc2c(=O)[nH]1)NC(CCCCNC(=O)Nc1ccc(Cl)cc1)C(=O)O,0.8348277807235718,0.5759590864181519,0.8192048072814941,0.6366720500264812
179,3,NC(CCC(=O)NC(CSC(=O)Cc1ccccc1Nc1c(Cl)cccc1Cl)C(=O)NCC(=O)O)C(=O)O,0.8272095918655396,0.5573270320892334,0.8540587425231934,0.602816730604466
180,4,CCCCC(Cc1ccc(OC)c(CNC(=O)c2ccc(C(F)(F)F)cc2F)c1)C(=O)O,0.808571457862854,0.535986065864563,0.8626120686531067,0.3536218608471961
181,0,O=C(NCCC1(C(=O)NC(Cc2ccc(NC(=O)c3c(Cl)cccc3Cl)cc2)C(=O)O)CCCC1)Nc1ccccc1,0.8426252007484436,0.6339259743690491,0.6604406237602234,0.3233163352103599
182,1,CSCCC(NC(=O)CN1C(=O)C(N(C)C(=O)C(N)CS)N=C(c2ccccc2)c2ccccc21)C(=O)O,0.8297358751296997,0.55632483959198,0.8652247786521912,0.6369219782976987
183,2,NCCCC(NC(=O)CCc1ccc(O)cc1)C(=O)N1CCCC1C(=O)O,0.8247689008712769,0.5736811757087708,0.7945812940597534,0.627662576607768
184,3,CCCCCCCC(=O)CCCCCCC=CC(C(=O)NC(Cc1ccc(OCCC(C)C)cc1)C(=O)O)C(O)(CC(=O)O)C(=O)O,0.8081195950508118,0.5391416549682617,0.8511959910392761,0.34651423232799966
185,4,Cc1nc(NC(=O)c2ccccc2)sc1-c1cc(C(=O)NCC(=O)NC(CCCNC(=N)N)C(=O)NCC(=O)NC(CC(=O)O)C(=O)O)[nH]n1,0.8138288259506226,0.540611743927002,0.8646108508110046,0.5260909831208834
186,0,O=C(O)C(Cc1ccc(N2CCCC2=O)cc1)NC(=O)C1CCC(=O)N1Cc1ccccc1,0.8356690406799316,0.6037777066230774,0.7338331937789917,0.6685949796239465
187,1,CC(=O)NC(CCC(N)=O)C(=O)NC(CC(=O)Nc1ccc2c(c1)C(=O)C(=O)c1ccccc1-2)C(=O)O,0.8311200737953186,0.5648319125175476,0.8426840305328369,0.585751751244941
188,2,Cc1ccc(CSCC(NC(=O)CCC(N)C(=O)O)C(=O)NCC(=O)O)cc1,0.8269757032394409,0.5742296576499939,0.7998293042182922,0.5713219450063228
189,3,COC(=O)C(Cc1ccc(O)cc1)NC(=O)CCCCCNC(=O)CCCc1ccc(N(CCCl)CCCl)cc1,0.8195673823356628,0.5608652234077454,0.8186776638031006,0.6276647956258917
190,4,CCCCOC(=O)N1CC2(CC(C(=O)NCC(NS(=O)(=O)c3c(C)cc(C)cc3C)C(=O)O)=NO2)CC1CNc1nc2ccccc2[nH]1,0.7998512983322144,0.5184174180030823,0.8906134366989136,0.5764508418794771
191,0,CCCCNC(=O)CCC(NS(=O)(=O)c1ccc(-c2ccccc2)cc1)C(=O)O,0.8402834534645081,0.5898704528808594,0.7924461960792542,0.6203413005614162
192,1,Cc1cc(C)c(CC(NC(=O)C2CCCN2C(=O)C(N)Cc2ccc(O)cc2)C(=O)NC(Cc2ccccc2)C(N)=O)c(C)c1,0.8344802856445312,0.5953662395477295,0.7566900253295898,0.6167603329958816
193,2,COc1ccc(CC(NC(=O)C2CSCN2C(C)=O)C(=O)O)cc1,0.8289868235588074,0.575138509273529,0.8033173680305481,0.556796169316223
194,3,Cc1c(CCC(=O)NC(CCCNC(N)=O)C(=O)O)c(=O)oc2cc3oc4c(c3cc12)CCCC4,0.8032232522964478,0.5218672752380371,0.8903668522834778,0.5773302042077215
195,4,CN(C)CCCCCC(=O)Nc1cnc(-c2ccc(F)cc2)n(CC(=O)NC(CC(=O)O)C(=O)COC(=O)c2c(Cl)cccc2Cl)c1=O,0.8060076236724854,0.5341675877571106,0.8602532744407654,0.5797431890975097
196,0,CCC(NC(=O)CCc1cc(-c2ccc(-c3ccccc3)cc2)no1)C(=O)NC(CC(=O)O)C(N)=O,0.8379766941070557,0.5912290215492249,0.7808470726013184,0.6084907601800166
197,1,COC(=O)C(O)C(CCCCN)NC(=O)C1CCCN1C(=O)C(Cc1ccccc1)NC(=O)CCCCCN,0.8321965932846069,0.578382670879364,0.8032086491584778,0.6435960309739858
198,2,Cc1c(CC(=O)NC(CCO)C(=O)O)cc(-c2ccc(S(C)(=O)=O)cc2)n1-c1cccc(F)c1,0.8258605003356934,0.5582914352416992,0.8467373847961426,0.6374384994698973
199,3,O=C(O)C(O)CN(CC1CCCC1)C(=O)NC(Cc1ccc(O)cc1)C(=O)O,0.8176649808883667,0.5599538683891296,0.8155413866043091,0.6438611743383453
200,4,COc1cc(NC(C)CCCNC(=O)CC(NC(=O)C(N)CCCN)C(=O)O)c2ncccc2c1,0.8173577785491943,0.5410062670707703,0.8745299577713013,0.6169312720631329
