BO Iteration,Selected SMILES,UCB,True f
0,CCCCCOC(=O)N1CCN(C(=O)C(CCC(=O)O)NC(=O)c2cc(OCC3CCN(C)CC3)nc(-c3ccccc3)n2)CC1,0.466,0.624
1,CCCCCCCCCCOc1ccc(C(=O)c2cccc(C(=O)OCC)c2)cc1CC(=O)OCC,0.4208,0.1569
2,NC(=O)C(CO)NC(=O)C(CCC(=O)O)NC(=O)CCc1ccc(-c2ccccc2)cc1,0.3876,0.6545
3,CCC(C)C(NC(=O)c1ccc(-c2ccccc2)cc1)C(=O)NC(C(=O)NC(CCC(N)=O)C(=O)O)C(C)C,0.4489,0.5873
4,CC(C)C(NC(=O)COc1cccc2ccccc12)C(=O)NC(CC(=O)O)C(=O)CSc1nc(-c2ccccc2)no1,0.4632,0.5795
5,CC(C)C(NC(=O)COc1cccc2ccccc12)C(=O)NC(CC(=O)O)C(=O)COc1ccc(C(N)=O)cc1,0.5511,0.5868
6,O=C(O)CC(NC(=O)C(Cc1ccccc1)NC(=O)OCc1ccccc1)C(=O)CF,0.489,0.5768
7,COC(=O)C(=O)C(Cc1ccccc1)NC(=O)C(CC(C)C)NC(=O)OCc1ccccc1,0.5316,0.5595
8,CCC(=O)NCC(C=O)NC(=O)C(Cc1ccccc1)NC(=O)C(CC(C)C)NC(=O)OCc1ccccc1,0.5553,0.5754
9,CC(C)CC(NC(=O)OCc1ccccc1)C(=O)NC(Cc1ccccc1)C(=O)NC(C=O)CNC(=O)c1ccccc1,0.5697,0.6027
10,N=C(N)NCCCC(NC(=O)C(Cc1ccccc1)NC(=O)C(Cc1ccccc1)NC(=O)OCc1ccccc1)C(N)=O,0.5728,0.5889
11,NCCCCC(NC(=O)C(Cc1ccc(-c2cccc(N)c2)cc1)NC(=O)OCc1ccccc1)C(N)=O,0.5778,0.6284
12,N#CCOC(=O)C(Cc1ccccc1)NC(=O)C(Cc1ccccc1)NC(=O)OCc1ccccc1,0.5871,0.5849
13,CCC(NC(=O)C(CC(C)C)NC(=O)OCc1ccccc1)C(=O)C(=O)NCc1ccncc1,0.5821,0.5411
14,CCCC(NC(=O)C(N)Cc1ccc(O)cc1)C(=O)NC(Cc1ccccc1)C(=O)NC(CCCN)C(N)=O,0.5807,0.611
15,CC(C)CC(NC(=O)C(Cc1ccccc1)NC(=O)NCNC(=O)CNC(=O)C(N)Cc1ccc(O)cc1)C(=O)O,0.5976,0.5809
16,CCC(C)C(NC(=O)C(Cc1ccccc1)NC(=O)C(C)NC(=O)CNC(=O)C(N)Cc1ccc(O)cc1)C(=O)O,0.6131,0.5671
17,CC(NC(=O)C(N)Cc1ccc(O)cc1)C(=O)NCC(=O)NC(Cc1ccccc1)C(=O)NCC(=O)O,0.6112,0.5582
18,CSCCC(NC(=O)C(Cc1ccccc1)NC(=O)CNC(=O)CNC(=O)C(N)Cc1ccc(O)cc1)C(=O)NC(C)C(N)=O,0.6043,0.5763
19,CC(=O)NC(Cc1ccc(O)cc1)C(=O)NC(Cc1ccccc1)C(=O)NC(CCCNC(=N)N)C(=O)COC(=O)c1c(C)cccc1C,0.6026,0.6194
20,CC(NC(=O)C(NC(=O)C(Cc1ccc(O)cc1)NC(=O)CNC(=O)C(Cc1ccccc1)NC(=O)CN)C(C)C)C(=O)NC(CCC(=O)O)C(=O)O,0.6065,0.5636
21,CC(C)C(NC(=O)C(S)Cc1ccccc1)C(=O)NC(Cc1ccc(O)cc1)C(=O)O,0.5968,0.5552
22,CC(C)CC(NC(=O)C1CCCN1C(=O)C(N)Cc1ccc(O)cc1)C(=O)NC(Cc1ccccc1)C(N)=O,0.5975,0.6072
23,N=C(N)NCCCC(NC(=O)c1c(Cl)cccc1Cl)C(=O)NC(Cc1ccccc1)C(N)=O,0.5964,0.5818
24,N=C(N)c1cccc(CC(NC(=O)CCc2ccccc2)C(=O)NC(CCCCN)C(=O)NC(C(N)=O)c2ccccc2)c1,0.5954,0.6361
25,CC(=O)NC(Cc1ccc(Cl)cc1)C(=O)NC(Cc1ccccc1)C(=O)NC(CCCNC(=N)N)C(=O)NC(Cc1c[nH]c2ccccc12)C(N)=O,0.6037,0.5798
26,CC(C)CC(NC(=O)CNC(=O)C(Cc1ccccc1)NC(=O)c1ccncc1)C(=O)NC(CCCNC(=N)N)C(=O)NC(Cc1c[nH]c2ccccc12)C(N)=O,0.6066,0.588
27,N=C(N)NCCCC(NC(=O)OCc1ccccc1)C(=O)NC(Cc1c[nH]c2ccccc12)C(=O)NC(Cc1ccccc1)C(=O)N1CCCCC1,0.6127,0.6218
28,CC(C)(C)OC(=O)NC(CCCNC(=N)N)C(=O)NC(Cc1c[nH]c2ccccc12)C(=O)NC(Cc1ccccc1)C(=O)N1CCCCC1,0.6328,0.6237
29,NC(=O)CCC(NC(=O)C(Cc1ccccc1)NC(=O)CNC(=O)CCc1ccccc1)C(=O)NC1CCCCC1,0.6122,0.6079
30,CC(=O)NC(=Cc1ccccc1)C(=O)NC(Cc1cnc[nH]1)C(=O)NC(Cc1ccccc1)C(=O)NC(CCCNC(=N)N)C(N)=O,0.6066,0.5816
31,NCCCCC(NC(=O)OCc1ccccc1)C(=O)NCCCCC(NC(=O)C(CCCCN)NC(=O)OCc1ccccc1)C(=O)NC(Cc1ccc(O)cc1)C(N)=O,0.6063,0.5914
32,CC(C)CC(NC(=O)OCc1ccccc1)C(=O)NC(CC(C)C)C(=O)NC(Cc1ccccc1)C(=O)Nc1ccc(C(F)(F)F)cc1,0.6043,0.2548
33,CCCC(NC(=O)C(N)Cc1ccc(O)cc1)C(=O)N1CCCC1C(=O)NCC(=O)NC(Cc1ccccc1)C(=O)N1CCCC1C(=O)O,0.602,0.6179
34,NCCCCC(NC(=O)C(CO)NC(=O)C1CCCN1C(=O)C(N)Cc1ccccc1)C(=O)N1CCCC1C(=O)O,0.6136,0.5864
35,NC(=NCCCC(NC(=O)OCc1ccccc1)C(=O)NC(Cc1ccccc1)C(=O)C(=O)NCCNS(=O)(=O)c1ccccc1)N[N+](=O)[O-],0.5995,0.6044
36,CC(=O)NC(Cc1c[nH]cn1)C(=O)NC(Cc1ccc(O)cc1)C(=O)NC(CCCN=C(N)N)C(=O)NC(Cc1c[nH]c2ccccc12)C(N)=O,0.5985,0.5713
37,CC(C)C(CC(=O)C(CC(=O)O)NC(=O)C1CCCN1C(=O)C(N)CCCN=C(N)N)C(=O)NC(Cc1ccccc1)C(N)=O,0.6014,0.5445
38,CNC(=O)C(Cc1ccc2ccccc2c1)N1CCN(C(=O)C(Cc2ccccc2)NC(=O)C(Cc2ccc(O)cc2)NC(C)=O)C(CCCN=C(N)N)C1=O,0.5978,0.6425
39,CNC(=O)C(Cc1ccc2ccccc2c1)NC(=O)CNC(=O)C(Cc1ccccc1)NC(=O)C(Cc1ccc(O)cc1)NC(=O)C(CC(=O)O)NC(C)=O,0.6281,0.5845
40,CNC(=O)C(Cc1ccc2ccccc2c1)NC(=O)C(CCCN=C(N)N)NC(=O)C(Cc1ccccc1)NC(=O)C1Cc2ccccc2CN1,0.6207,0.6183
41,N=C(N)NCCCC(NC(=O)C(Cc1cccc(-c2ccccc2)c1)NC(=O)C(Cc1ccccc1)NS(=O)(=O)Cc1ccccc1)C(=O)c1nccs1,0.6009,0.601
42,CC(=O)NC(CC(N)=O)C(=O)NC(CO)C(=O)NC(Cc1ccccc1)C(=O)NC(CO)C(=O)NC(CCC(N)=O)C(=O)O,0.5994,0.5337
43,O=C(NC(CCS)C(=O)NC(Cc1ccccc1)C(=O)O)c1ccno1,0.5993,0.5491
44,CC(C)CC(NC(=O)CN(C)C(=O)C(Cc1ccccc1)NC(=O)C(Cc1ccccc1)NC(=O)C1CC(=O)CN1)C(=O)NC(CCS)C(N)=O,0.6,0.5762
45,CCC(C)C(NC(=O)C(Cc1ccccc1)NC(=O)C1CCCN1)C(=O)NC(CC1CCCCC1)C(=O)NC(Cc1ccccc1)C(=O)NC(CCC(N)=O)C(=O)O,0.598,0.578
46,NC(Cc1ccc(O)cc1)C(=O)N1Cc2ccccc2CC1CNC(Cc1ccccc1)C(=O)NC(Cc1ccccc1)C(=O)O,0.5962,0.6583
47,NC(Cc1ccc(C(=O)NCCc2ccc(-c3ccccc3)cc2)cc1)C(=O)N1Cc2ccccc2CC1CNC(CC1CCCCC1)C(=O)NC(Cc1ccccc1)C(=O)O,0.6481,0.1649
48,COc1ccc(OC)c(C(=O)CCC(=O)NC(Cc2ccccc2)C(=O)C(N)=O)c1,0.5929,0.5788
49,CCOP(=O)(O)NC(C(=O)NC(Cc1ccc(OCC(=O)N(Cc2ccccc2)Cc2ccccc2)cc1)C(=O)NCC(=O)O)C(C)CC,0.5894,0.6131
50,CC(=O)NC(Cc1ccccc1)C(=O)NC(C(=O)NC(CC(C)C)C(=O)NC(CCCC[N+](C)(C)C)C(=O)NC(CO)C(N)=O)C(C)C,0.5874,0.5047
51,N=C(N)c1ccc(C2(Cc3ccccc3)NC(=O)N(CC(=O)NC(CC(=O)O)C(=O)NC(C(=O)O)c3ccccc3)C2=O)cc1,0.581,0.6396
52,NC(=O)NCCCC(NC(=O)COCC(c1ccccc1)c1ccccc1)C(=O)O,0.5924,0.6644
53,O=C(O)CC(NC(=O)OCc1ccccc1)C(=O)COC(=O)CC(c1ccccc1)c1ccccn1,0.6098,0.6448
54,CC(C)CC(NC(=O)C(Cc1ccccc1)NC(=O)CC(NC(=O)c1ccc(C#N)cc1)c1ccccc1)C(=O)C1(C)CO1,0.5916,0.6223
55,O=C(CCCCCCC(=O)NC(Cc1ccccc1)C(=O)O)NO,0.5915,0.6391
56,NC(=O)CC(N)C(=O)NC(Cc1ccccc1)C(=O)O,0.6081,0.4986
57,CC(NC(=O)c1cc(OCC(=O)NCCCCCN)cc(OS(=O)(=O)Cc2ccccc2)c1)c1ccccc1,0.5955,0.6166
58,CNC(=O)c1[nH]cnc1C(=O)NC(Cc1ccccc1)C(=O)OCc1ccccc1,0.5996,0.5369
59,CC(=O)NC(CCCN(Cc1ccccc1)C(=O)N(CCCl)N=O)C(=O)NCc1ccccc1,0.5975,0.6322
60,CCOC(=O)C(=O)C(Cc1ccccc1)NC(=O)OCc1ccccc1,0.5985,0.4821
61,CCCCC(NC(=O)C(CCCNC(=N)N)NC(=O)C(CCCNC(=N)N)NC(=O)c1ccc(C=C2SC(=O)N(Cc3ccccc3)C2=O)cc1)C(N)=O,0.5922,0.591
62,CC(C)CC(NC(=O)C=Cc1ccc(OP(=O)(O)O)cc1)C(=O)N1CCCC1C(=O)NC(COCc1ccccc1)COC(N)=O,0.5923,0.6259
63,NC(=O)CC1Cc2ccccc2CN1C(=O)CC(Cc1ccccc1)NC(=O)C1CCCN1C(=O)C(N)Cc1ccc(O)cc1,0.5983,0.6764
64,NC1CC1c1ccc(OCCC(NC(=O)c2ccccc2)C(=O)NCc2ccccc2)cc1,0.5994,0.6203
65,CC(NC(=O)C(N)Cc1ccc(O)cc1)C(=O)NCC(=O)NCc1ccccc1,0.5977,0.5457
66,COc1cccc(CNCC(O)C(Cc2ccccc2)NC(=O)CCCS(=O)(=O)c2ccccc2)c1,0.5949,0.6876
67,Cc1cccc(-c2ncc(N)c(=O)n2CC(=O)NC(Cc2ccccc2)C(=O)C(F)(F)C(=O)NCc2ccccc2)c1,0.6043,0.5747
68,CC(=O)OCC(Cc1ccccc1)NC(=O)C(N)Cc1ccccc1,0.6031,0.5086
69,CC(=O)c1ccc(S(=O)(=O)NCCC(=O)OCC(=O)NCCc2ccccc2)cc1,0.5983,0.5791
70,CN1CCN(C(=O)NC(Cc2cccnc2)C(=O)NC(C=CS(=O)(=O)c2ccccc2)CCc2ccccc2)CC1,0.5998,0.666
71,CC(CCc1ccccc1)NC(=O)CCNS(=O)(=O)c1ccccc1,0.6118,0.4111
72,COCc1ncc(COC(=O)NC(C(=O)NC(Cc2ccccc2)C(O)CC(Cc2ccccc2)NC(=O)OCc2cccnc2)C(C)C)s1,0.6037,0.5228
73,Cc1cccc(C)c1OCC(=O)NC(Cc1ccccc1)C(O)CC(Cc1ccccc1)NC(=O)C(C(C)C)N1CCCOC1=O,0.6,0.5849
74,O=C(CCC(=O)NC(CO)C(O)c1ccc([N+](=O)[O-])cc1)NCCCNCCCCN(Cc1ccccc1)Cc1ccccc1,0.6001,0.7289
75,CCN(CC)c1ccc(C(NC(=O)CCc2ccccc2)NC(=O)CCc2ccccc2)cc1,0.6245,0.1297
76,O=C(O)CC(NC(=O)C(CCCCNS(=O)(=O)c1ccc(O)c(C(=O)O)c1)c1ccccc1)C(=O)c1ncc(-c2c(Cl)cccc2Cl)o1,0.6059,0.5075
77,CNC(=O)C(Cc1ccc(OC)cc1)NC(=O)C(CC(C)C)C(S)CC(=O)OCc1ccccc1,0.6007,0.585
78,CCCNC(=O)c1cccc(C(=O)NC(Cc2ccccc2)C(O)CN(CC(C)C)S(=O)(=O)c2ccc(OC)cc2)c1,0.5995,0.6526
79,COc1ccc(CC(NC(=O)C2(NC(=O)C(SC(C)=O)C(C)C)CCCC2)C(=O)OCc2ccccc2)cc1,0.6061,0.614
80,COc1ccc(CCNC(=O)C(=O)C(CCCN=C(N)N)NC(=O)C2CCN3CCC(N)(Cc4ccccc4)CN23)cc1,0.6104,0.6477
81,O=C(NCCCN1CCOCC1)C(=O)C(Cc1ccccc1)NC(=O)C1CCN(S(=O)(=O)c2ccc3ccccc3c2)CC1,0.6107,0.686
82,O=C(NC1(C(=O)NC(Cc2ccccc2)C(=O)NCCCN2CCOCC2)CCc2ccccc21)c1cc2ccccc2s1,0.6172,0.6711
83,N=C(N)c1ccc(CNC(=O)C(CCC2CCNCC2)NC(=O)C(CCCC2CCNCC2)NS(=O)(=O)Cc2ccccc2)cc1,0.6158,0.5938
84,CCCCNC(=O)C1(N(Cc2ccccc2)C(=O)C(CC(=O)OC)NC(=O)OC(C)(C)C)CCN(Cc2ccccc2)CC1,0.6131,0.6362
85,N=C(N)CC1CCC(NC(=O)C2CCCN2C(=O)C(Cc2ccccc2)NS(=O)(=O)Cc2ccccc2)CC1,0.6149,0.6348
86,NC(=O)C(=O)C(Cc1ccccc1)NC(=O)C1CCN(C(=O)C=Cc2ccncc2)CC1,0.6193,0.648
87,CSCCC(NC(=O)C1CCN(C(=O)C(N)Cc2ccccc2)CC1)C(=O)O,0.6268,0.6333
88,CN(Cc1ccccc1)S(=O)(=O)NC(CNC(=O)CC1CC(c2ccc(C(=N)N)cc2)=NO1)C(=O)O,0.6242,0.5811
89,O=C(O)C(CCC(=O)N1CCCC1C(=O)O)NC(=O)C1CCCN1C(=O)OCc1ccccc1,0.6211,0.622
90,CC(C)(C)NC(=O)C1CCCN1C(=O)C(=O)C(Cc1ccccc1)NC(=O)OCc1ccccc1,0.6276,0.6105
91,N=C(N)N1CCCC(NC(=O)CNC(=O)C(CCNC(=O)c2cncc(Br)c2)NC(=O)OCc2ccccc2)C1O,0.6319,0.583
92,CCC(C)C(NC(=O)OCc1ccccc1)C(=O)OCC(=O)N1CCN(c2ccc(OC)cc2)CC1,0.6251,0.6115
93,Cc1ccc(S(=O)(=O)NC(Cc2ccccc2)C(=O)N2CCCC2C(=O)O)cc1,0.6253,0.6394
94,NS(=O)(=O)c1ccc(NC(=O)NC(Cc2ccccc2)C(=O)O)cc1,0.6291,0.5333
95,Cc1cc(COc2ccc(S(=O)(=O)NCC(C(=O)NO)N3CCN(C(=O)OCc4ccccc4)CC3)cc2)c2ccccc2n1,0.6285,0.6732
96,CCCCNC(=O)Oc1ccc(CC(=O)N2CCN(Cc3ccccc3)CC2)cc1,0.6251,0.187
97,CSCCC(NC(=O)c1ccc(CS(=O)(=O)c2cccnc2)cc1-c1ccccc1)C(=O)O,0.6225,0.6338
98,CSCCC(NC(=O)CN1C(=O)C(N(C)C(=O)C(N)CS)N=C(c2ccccc2)c2ccccc21)C(=O)O,0.6237,0.6369
99,CSCC(NC(=O)Cc1ccc(C)cc1)C(=O)NC(Cc1ccccc1)C(O)C(=O)N1CSC(C)(C)C1C(=O)NC1c2ccccc2CC1O,0.6256,0.6427
100,CC(C)(C)NC(=O)C1CC(Cl)CN1C(=O)C(O)C(Cc1ccccc1)NC(=O)c1ccccc1Cl,0.6249,0.6194
101,CC(C)(C)NC(=O)C1CC2SCCC2CN1CC(O)C(Cc1ccccc1)NC(=O)C(CS(=O)(=O)c1ccc(F)cc1)NS(C)(=O)=O,0.631,0.6058
102,CC(C)C(N)C(=O)OC(CC(Cc1ccccc1)C(=O)NC1c2ccccc2CC1O)CN1CCN(Cc2cccnc2)CC1C(=O)NC(C)(C)C,0.6272,0.6573
103,NS(=O)(=O)c1ccccc1CC(O)CC(Cc1ccccc1)C(=O)NC1c2ccccc2CC1O,0.6527,0.65
104,CC(C)(C)NC(=O)C1CN(Cc2cccnc2)CCN1C[S+]([O-])CC(Cc1ccccc1)C(=O)NC1c2ccccc2CC1O,0.6534,0.7042
105,COC(=O)NC(C(=O)NN(Cc1ccccc1)CC(O)(Cc1ccccc1)C(=O)NC1c2ccccc2CC1O)C(C)(C)C,0.6609,0.631
106,COC(=O)NC(C(=O)NN(Cc1cccc(Br)c1)CC(O)(Cc1ccccc1)C(=O)NC1c2ccccc2CC1O)C(C)(C)C,0.6661,0.6276
107,CCCN(C(=O)NC(CSCc1ccccc1)C(=O)O)C(=O)c1cccc(-c2ccccc2Cl)c1,0.6319,0.3487
108,CC(=O)NC(Cc1ccccc1)C(=O)NC(Cc1ccc(C2CC(=O)NS2(=O)=O)cc1)c1nc2ccccc2[nH]1,0.6243,0.5816
109,CS(=O)(=O)NC(C(=O)N1CCCC1C(=O)NCc1ccc(CN)cc1)C(c1ccccc1)c1ccccc1,0.6253,0.6879
110,CS(=O)(=O)NC(C(=O)N1CCCC1C(=O)NCc1csc(C(=N)NN)c1)C(c1ccccc1)c1ccccc1,0.6905,0.6639
111,O=C(O)CNC(C(=O)N1CCCC1C(=O)NCC#Cc1c[nH]cn1)C(c1ccccc1)c1ccccc1,0.6577,0.6964
112,COC(=O)NC(Cc1ccccc1)C(=O)NC(Cc1ccc(NS(=O)(=O)O)cc1)c1ncc(-c2ccccc2)s1,0.6289,0.5714
113,Cc1cc(COc2ccc(S(=O)(=O)NCC(C(=O)NO)N3CCN(C(=O)C(C)C)CC3)cc2)c2ccccc2n1,0.626,0.6253
114,COC(=O)NC(Cc1ccccc1)C(=O)NC(Cc1ccc(NS(=O)(=O)O)cc1)c1csc(C)n1,0.629,0.5595
115,CC(=O)CC(c1ccccc1)c1c(SCC(NC(C)=O)C(=O)O)c2ccccc2oc1=O,0.6236,0.5806
116,CC(=O)NC(Cc1ccccc1)C(=O)N1CCCC1C(=O)NC(CCCn1ccnc1)B1OC2CC3CC(C3(C)C)C2(C)O1,0.6222,0.5934
117,Cc1cnc(C(=O)NC(Cc2nc(I)n(Cc3ccccc3)c2I)C(=O)N2CCCC2C(N)=O)cn1,0.6223,0.5625
118,CCCC(NC(=O)OCc1ccccc1)C(=O)NC(CC1CCNC1=O)C(O)S(=O)(=O)O,0.6215,0.5773
119,O=C(O)C(Cc1ccc(-c2ccccc2)cc1)NC(=O)C1CCCN1S(=O)(=O)c1cc(Cl)cc(Cl)c1,0.621,0.6144
120,COc1cccc(OC)c1-c1ccc(CC(NC(=O)C2(S(=O)(=O)c3ccccc3)CCCNC2)C(=O)O)cc1,0.6276,0.6627
121,COc1cccc(OC)c1-c1ccc(CC(NC(=O)C2(S(=O)(=O)c3ccccc3)CCCCC2)C(=O)O)cc1,0.6813,0.6409
122,CCNc1cc(C(=O)NC(Cc2ccccc2)C(O)CNCc2cccc(OC)c2)c(F)c(N2CCCCS2(=O)=O)c1,0.6223,0.63
123,CCCCCCCC(=O)NC(Cc1ccccc1)C(=O)NC1C=CCCNC(=O)C=CC(C(C)C)NC1=O,0.6212,0.6415
124,CC(C)C(NS(=O)(=O)c1cnccc1NC(CO)Cc1ccccc1)C(=O)N1CCC(CCF)CC1,0.6237,0.6408
125,NC(=O)NCCNC(=O)C1CNC(=O)NCCCCC(NC(=O)C(N)Cc2ccc(O)cc2)C(=O)NC(Cc2ccccc2)C(=O)N1,0.6223,0.5818
126,NC(Cc1ccccc1)C(=O)NC1CCC(=O)N(CC(=O)Nc2cccc(Cl)c2)C1=O,0.6213,0.6123
127,O=C(COc1cccc(F)c1C(=O)N1CCCCC1)NC(CO)Cc1ccccc1,0.6247,0.5212
128,CCN1C(=O)N(CC(=O)NC(CC(=O)O)c2ccccc2)C(=O)C1(C)c1ccc(C(=N)N)cc1,0.6233,0.6335
129,N=C(N)c1cccc(CC(NS(=O)(=O)c2ccc3ccccc3c2)C(=O)C(=O)O)c1,0.625,0.5651
130,CCCC1C(=O)N(C(Cc2ccc3ccccc3c2)C(=O)NC)CCN1C(=O)C(Cc1ccc(F)cc1)NC(=O)C1CCCCN1,0.6228,0.6621
131,O=C(Nc1ccc(CC(NC(=O)C2CCC(=O)N2Cc2ccccc2)C(=O)O)cc1)c1cc(F)c(F)cc1F,0.6276,0.6434
132,CC(C)C(O)C(=O)N1CC(OCCCc2ccccc2)CC1C(=O)NC(CC(F)F)C(=O)NCCc1c(F)cc(C(=O)O)cc1F,0.6259,0.5989
133,CC(CC(=O)NC(=O)c1cn(-c2ccccc2)c(Cc2ccccc2)cc1=O)C(=O)O,0.6242,0.6209
134,COC(=O)CC(C(C(C)=O)C(=O)OCc1ccccc1)N1C(=O)OC(c2ccccc2)C1c1ccccc1,0.6237,0.5322
135,CC(=O)NC(Cc1ccc(OP(=O)(O)O)cc1)C(=O)NC1CSCCN(Cc2cccc(-c3ccccc3C#N)c2)C1=O,0.6233,0.6696
136,NNC(=O)C(Cc1ccccc1)NC(=O)c1cc(C23CC4CC(CC(C4)C2)C3)c2ccccc2n1,0.624,0.6383
137,O=C(NC(Cc1ccccc1)C(=O)NN=Cc1ccccc1)c1ccc([N+](=O)[O-])cc1,0.6247,0.5677
138,CC(NC(=O)C1(Cc2ccccc2)CCN1C(=O)OCc1ccccc1)C(N)=O,0.623,0.6011
139,O=C(O)COc1c(C(=O)O)sc(-c2cccc(NC3CCN(S(=O)(=O)Cc4ccccc4)CC3)c2)c1Cl,0.6232,0.6226
140,CC(=O)NC(CC(=O)Nc1cccc(S(=O)(=O)N2CCCCC2)c1)c1ccccc1,0.6236,0.6232
141,O=C(CCNC(=O)C1CCN(S(=O)(=O)c2ccccc2)CC1)NCc1cccc(C(F)(F)F)c1,0.6254,0.6345
142,NCCCCC(NC(=O)C(Cc1c[nH]c2ccccc12)NC(=O)C1CCCN1C(=O)CCCCCNC(=O)C1CCC2c3[nH]c4ccccc4c3CCN2C1)C(N)=O,0.6247,0.6021
143,CCCCC(NC(=O)CCCCCNC(=O)C1CCC2c3[nH]c4ccccc4c3CCN2C1)C(=O)NC(Cc1c[nH]c2ccccc12)C(=O)N1CC(N)CC1C(N)=O,0.6402,0.6092
144,CC(NC(=O)OCc1ccccc1)C(=O)NC(C)C(=O)NN(CC(N)=O)C(=O)C=CC(=O)N1CCCc2ccccc21,0.621,0.5832
145,CC(C)C(NC(=O)CNC(=O)C(N)Cc1ccc(O)cc1)C(=O)NC1CCc2ccccc21,0.6204,0.5799
146,O=C(CNC(=O)NC1CCCCC1)NC(Cc1ccccc1)C(=O)O,0.6205,0.5767
147,O=C(C(Cc1ccccc1)NS(=O)(=O)c1ccc(Cl)cc1)N1CCC2(O)CCCCC2C1,0.621,0.6853
148,O=C(CN(c1nc(Cl)nc2c1ncn2C1CCCCO1)C1CC1)NC(CCC(=O)OCc1ccccc1)C(=O)OCc1ccccc1,0.6249,0.5249
149,CC(C)N(Cc1ccccc1)C(=O)C(C)N1CCC(NS(=O)(=O)c2ccc3cc(Cl)ccc3c2)C1=O,0.6194,0.6175
150,O=C(OCCCc1cccnc1)C1CCCN1S(=O)(=O)Cc1ccccc1,0.6199,0.4666
151,CCCCCC(=O)NC(Cc1ccccc1)C(=O)NCCCCCCCCCCCC1Cc2cc(O)ccc2C2CCC3(C)C(O)CCC3C12,0.6193,0.008193
152,CC(=O)NC(CCC(N)=O)C(=O)NC(CC(=O)Nc1ccc2c(c1)C(=O)C(=O)c1ccccc1-2)C(=O)O,0.6224,0.5858
153,CC(C)C(=O)N1CCC(C(=O)NC(C(=O)NC(CCCCN)C(=O)OC(C)(C)C)C(C)c2c[nH]c3ccccc23)CC1,0.6229,0.5991
154,CC(C)CC(=O)N1CCCC(C(=O)NC(C(=O)NC(CCCCN)C(=O)OC(C)(C)C)C(C)c2c[nH]c3ccccc23)C1,0.6223,0.5954
155,CSCCC(NC(=O)c1cccc(S(=O)(=O)N2CCN(C(C)=O)CC2)c1)c1nc2ccccc2[nH]1,0.6223,0.604
156,O=C(NCc1ccccn1)C1CN(S(=O)(=O)c2ccccc2)CCN1S(=O)(=O)c1ccccc1,0.6252,0.6208
157,Cc1ccc(S(C)(=O)=O)cc1C(=O)OCC(=O)N(Cc1ccccc1)Cc1ccccc1,0.6225,0.5379
158,Cc1cc(C(=O)COC(=O)CCS(=O)(=O)c2ccccc2)c(C)n1Cc1ccccc1,0.6203,0.5309
159,COc1cccc(CNC(=O)C2(Cc3ccccc3)OC(=O)N(Cc3ccccc3)C2=O)c1,0.6186,0.5671
160,O=C(C(Cc1ccccc1)N1C(=O)c2ccccc2C1=O)N1CCc2ccccc21,0.6197,0.1112
161,CSCCC(NC(=O)C(Cc1c[nH]c2ccccc12)NC(=O)CN)C(=O)O,0.6265,0.5714
162,CCC(C)C(NC(=O)c1cccc(Cn2ccnc2)c1)C(=O)NNS(=O)(=O)c1ccc(OC)cc1,0.6242,0.5522
163,C=CCC(CC(=O)N(CCO)Cc1ccccc1)C(=O)NC(COC(=O)C(CC=C)CC(=O)OC(C)(C)C)c1ccccc1,0.6198,0.5703
164,CCOc1ccc(CC(NC(=O)c2cccc(N)c2Cl)C(O)C(=O)N2CCC(C)(C)C2C(=O)NCc2c(C)cccc2C)cc1,0.618,0.5948
165,O=C(O)CN(CC(=O)NC(Cc1ccc(OCc2c(Cl)cccc2Cl)cc1)C(=O)O)S(=O)(=O)c1cccs1,0.6222,0.6055
166,CCCCC(N)C(=O)Nc1cc(C(=O)NC(Cc2c[nH]c3ccccc23)C(=O)O)ccc1N,0.62,0.5928
167,CCOc1ccc(NC(=O)N2CCC(NC(=O)C(Cc3ccccc3OC)NC(C)=O)CC2)cc1,0.6204,0.6504
168,CCOC(=O)C(Cc1ccc(O)cc1)NC(=O)C1(NC(=O)C(SC(=O)c2ccccn2)C(C)C)CCCC1,0.6217,0.6292
169,COC(=O)C(Cc1c[nH]c2ccccc12)NC(=O)c1cccc(C(=O)NC(Cc2c[nH]c3ccccc23)C(=O)OC)n1,0.6231,0.5446
170,CC(C)C(NC(=O)OC(C)(C)C)C(=O)N1CCCC1C(=O)NC(C(C)C)P(=O)(Oc1ccccc1)Oc1ccccc1,0.6173,0.2952
171,N#CC(CNC(=O)CN(Cc1ccc(OCc2ccccc2)cc1)C(=O)C(Cc1c[nH]cn1)NC(=O)OCc1ccccc1)c1ccccc1,0.6171,0.4775
172,CNC(=O)C(Cc1c[nH]c2ccccc12)NC(=O)C(CC(=O)NNc1ccc(OC)cc1)CC(C)C,0.6151,0.5877
173,CCOC(=O)C(Cc1ccc(NC(=O)c2c(Cl)cncc2Cl)cc1)NC(=O)C1CC(NC2CCC2)CN1S(=O)(=O)c1cccc(C#N)c1,0.6151,0.6194
174,CC(C)(C)C(=O)NC(Cc1ccc(NC(=O)c2ccnc3ccccc23)cc1)C(=O)O,0.6185,0.6111
175,CCOC(=O)C(Cc1ccccc1)NC(=O)C(C)(C)C(CC(C)C)NC(=O)c1ccc(C#N)cc1,0.6211,0.5764
176,CC(C)CC(NC(=O)c1ccccc1NC(=O)c1cc2ccccc2[nH]1)C(=O)O,0.6164,0.5691
177,CC(C)CC(NC(=O)c1ccc(NC(=O)C(N)CS)cc1-c1ccccc1)C(=O)O,0.618,0.6006
178,COC(=O)c1c(O)cccc1OCCCCNC(=O)C(Cc1ccc(NC(=O)C(=O)O)cc1)NC(C)=O,0.6163,0.6523
179,COc1ccc(Cn2ccc(C)c(NC(=O)C(Cc3ccc(CC(=O)O)cc3)NC(C)=O)c2=O)cc1,0.6251,0.5886
180,CN(c1ccsc1C(=O)NC(CCCNC(=N)N)C(=O)O)S(=O)(=O)c1ccc([N+](=O)[O-])cc1,0.6159,0.5713
181,O=C(NCc1ccccc1)C(=O)NCC1OCCN1S(=O)(=O)c1ccc2c(c1)OCCO2,0.6114,0.5773
182,CCN1CCN(C(=O)NC(C(=O)NC2CN3CC(C#N)=C(C(=O)O)N3C2=O)c2ccccc2)C(=O)C1=O,0.6104,0.5667
183,C=CC1CC1(NC(=O)C1CC(Oc2ccnc3ccccc23)CN1C(=O)C(NC(=O)OC(C)(C)C)C(C)(C)C)C(=O)NCCc1ccc(C(=O)O)cc1,0.611,0.5549
184,O=C(Cn1nnc2ccccc2c1=O)NC(C(=O)O)c1ccccc1,0.6103,0.5478
185,CC(C(=O)NC(Cc1c[nH]c2ccccc12)C(=O)O)n1nnc2ccccc2c1=O,0.6122,0.5443
186,Cc1ccc(S(=O)(=O)N2CCCC2CNC(=O)C(=O)NCc2ccccn2)cc1,0.6095,0.6055
187,O=C(COc1ccc(S(=O)(=O)N2CCCC2)cc1)NCc1ccccn1,0.6185,0.573
188,CC(C)CC(NC(=O)C(Cc1ccccc1)NC(=O)CN1CCOCC1)C(=O)C1(C)CO1,0.6093,0.6402
189,CC(C)C(CC(=O)NCCC(=O)c1ccccc1)C(=O)NC(C=O)CC(=O)O,0.6119,0.5681
190,CCOC(=O)CCSCC(=O)C(Cc1ccccc1)NC(=O)C(CC(C)C)NC(=O)N1CCOCC1,0.6125,0.5957
191,CCC(C)C(NC(=O)CC(O)C(CC1CCCCC1)NC(=O)CCNC(=O)C(Cc1ccccc1)NC(=O)N1CCC(N)CC1)C(=O)NCc1cnc(C)nc1N,0.6105,0.5955
192,CNC(C(=O)NC1CCCCC1C(=O)NC(C=O)CCCN=C(N)N)c1ccccc1,0.6093,0.6133
193,CCCCOC(=O)N1CC2(CC(C(=O)NCC(NS(=O)(=O)c3c(C)cc(C)cc3C)C(=O)O)=NO2)CC1CNc1nc2ccccc2[nH]1,0.609,0.5765
194,CCC(C)NC(=O)C(NS(=O)(=O)c1ccc2c(c1)c(=O)n(C)c(=O)n2C)c1ccccc1,0.6093,0.5455
195,Cn1nnnc1SCC1=C(C(=O)O)N2C(=O)C(NC(=O)C(NC(=O)C3OC3C(=O)O)c3ccccc3)C2SC1,0.6094,0.5149
196,COc1ccc(S(=O)(=O)N(CC(C)C)CC(O)C(Cc2cccc(-c3ccccc3OC)c2)NC(=O)OC2COC3OCCC23)cc1,0.6086,0.6289
197,COc1cccc(OC)c1-c1ccc(CC(Nc2ccc(S(=O)(=O)N3CCCC3)cc2)C(=O)O)cc1,0.6115,0.6483
198,COc1cccc(OC)c1-c1cc(C(=O)NC(CCCCN)C(=O)O)nn1-c1ccc(F)cc1,0.6204,0.5885
199,COc1ccccc1CNC(=O)CN1C(=O)COc2ccc(S(=O)(=O)N3CCCCC3)cc21,0.6138,0.6127
